basis,source_doc,source_page,source_url,statement,period_label,period_end,period_type,section,line_item,value,unit,is_subtotal,is_comparative,order_index,note
business_100,4064735,20,https://web.quartr.com/companies/21558?companyId=21558&documentId=4064735&documentType=report&eventId=554427&navigation=external&utm_medium=referral&utm_source=mcp&rp=20,note_ppe,FY2025,2024-04-01,instant,Cushion gas,"Balance, April 1, 2024",165.6,usd_millions,1,1,1,block=cost
business_100,4064735,20,https://web.quartr.com/companies/21558?companyId=21558&documentId=4064735&documentType=report&eventId=554427&navigation=external&utm_medium=referral&utm_source=mcp&rp=20,note_ppe,FY2025,2024-04-01,instant,Pipelines and interconnects,"Balance, April 1, 2024",151.6,usd_millions,1,1,2,block=cost
business_100,4064735,20,https://web.quartr.com/companies/21558?companyId=21558&documentId=4064735&documentType=report&eventId=554427&navigation=external&utm_medium=referral&utm_source=mcp&rp=20,note_ppe,FY2025,2024-04-01,instant,Wells,"Balance, April 1, 2024",299.9,usd_millions,1,1,3,block=cost
business_100,4064735,20,https://web.quartr.com/companies/21558?companyId=21558&documentId=4064735&documentType=report&eventId=554427&navigation=external&utm_medium=referral&utm_source=mcp&rp=20,note_ppe,FY2025,2024-04-01,instant,Land and storage formations,"Balance, April 1, 2024",101.4,usd_millions,1,1,4,block=cost
business_100,4064735,20,https://web.quartr.com/companies/21558?companyId=21558&documentId=4064735&documentType=report&eventId=554427&navigation=external&utm_medium=referral&utm_source=mcp&rp=20,note_ppe,FY2025,2024-04-01,instant,Facilities and other,"Balance, April 1, 2024",413.6,usd_millions,1,1,5,block=cost
business_100,4064735,20,https://web.quartr.com/companies/21558?companyId=21558&documentId=4064735&documentType=report&eventId=554427&navigation=external&utm_medium=referral&utm_source=mcp&rp=20,note_ppe,FY2025,2024-04-01,instant,Total,"Balance, April 1, 2024",1132.1,usd_millions,1,1,6,block=cost
business_100,4064735,20,https://web.quartr.com/companies/21558?companyId=21558&documentId=4064735&documentType=report&eventId=554427&navigation=external&utm_medium=referral&utm_source=mcp&rp=20,note_ppe,FY2025,2025-03-31,FY,Cushion gas,Additions,8.0,usd_millions,0,1,7,block=cost
business_100,4064735,20,https://web.quartr.com/companies/21558?companyId=21558&documentId=4064735&documentType=report&eventId=554427&navigation=external&utm_medium=referral&utm_source=mcp&rp=20,note_ppe,FY2025,2025-03-31,FY,Pipelines and interconnects,Additions,1.3,usd_millions,0,1,8,block=cost
business_100,4064735,20,https://web.quartr.com/companies/21558?companyId=21558&documentId=4064735&documentType=report&eventId=554427&navigation=external&utm_medium=referral&utm_source=mcp&rp=20,note_ppe,FY2025,2025-03-31,FY,Wells,Additions,25.3,usd_millions,0,1,9,block=cost
business_100,4064735,20,https://web.quartr.com/companies/21558?companyId=21558&documentId=4064735&documentType=report&eventId=554427&navigation=external&utm_medium=referral&utm_source=mcp&rp=20,note_ppe,FY2025,2025-03-31,FY,Land and storage formations,Additions,0.0,usd_millions,0,1,10,block=cost; printed_dash_zero
business_100,4064735,20,https://web.quartr.com/companies/21558?companyId=21558&documentId=4064735&documentType=report&eventId=554427&navigation=external&utm_medium=referral&utm_source=mcp&rp=20,note_ppe,FY2025,2025-03-31,FY,Facilities and other,Additions,6.1,usd_millions,0,1,11,block=cost
business_100,4064735,20,https://web.quartr.com/companies/21558?companyId=21558&documentId=4064735&documentType=report&eventId=554427&navigation=external&utm_medium=referral&utm_source=mcp&rp=20,note_ppe,FY2025,2025-03-31,FY,Total,Additions,40.7,usd_millions,0,1,12,block=cost
business_100,4064735,20,https://web.quartr.com/companies/21558?companyId=21558&documentId=4064735&documentType=report&eventId=554427&navigation=external&utm_medium=referral&utm_source=mcp&rp=20,note_ppe,FY2025,2025-03-31,FY,Cushion gas,Lease additions and remeasurements - Note 8,0.0,usd_millions,0,1,13,block=cost; printed_dash_zero
business_100,4064735,20,https://web.quartr.com/companies/21558?companyId=21558&documentId=4064735&documentType=report&eventId=554427&navigation=external&utm_medium=referral&utm_source=mcp&rp=20,note_ppe,FY2025,2025-03-31,FY,Pipelines and interconnects,Lease additions and remeasurements - Note 8,0.0,usd_millions,0,1,14,block=cost; printed_dash_zero
business_100,4064735,20,https://web.quartr.com/companies/21558?companyId=21558&documentId=4064735&documentType=report&eventId=554427&navigation=external&utm_medium=referral&utm_source=mcp&rp=20,note_ppe,FY2025,2025-03-31,FY,Wells,Lease additions and remeasurements - Note 8,0.0,usd_millions,0,1,15,block=cost; printed_dash_zero
business_100,4064735,20,https://web.quartr.com/companies/21558?companyId=21558&documentId=4064735&documentType=report&eventId=554427&navigation=external&utm_medium=referral&utm_source=mcp&rp=20,note_ppe,FY2025,2025-03-31,FY,Land and storage formations,Lease additions and remeasurements - Note 8,1.2,usd_millions,0,1,16,block=cost
business_100,4064735,20,https://web.quartr.com/companies/21558?companyId=21558&documentId=4064735&documentType=report&eventId=554427&navigation=external&utm_medium=referral&utm_source=mcp&rp=20,note_ppe,FY2025,2025-03-31,FY,Facilities and other,Lease additions and remeasurements - Note 8,0.0,usd_millions,0,1,17,block=cost; printed_dash_zero
business_100,4064735,20,https://web.quartr.com/companies/21558?companyId=21558&documentId=4064735&documentType=report&eventId=554427&navigation=external&utm_medium=referral&utm_source=mcp&rp=20,note_ppe,FY2025,2025-03-31,FY,Total,Lease additions and remeasurements - Note 8,1.2,usd_millions,0,1,18,block=cost
business_100,4064735,20,https://web.quartr.com/companies/21558?companyId=21558&documentId=4064735&documentType=report&eventId=554427&navigation=external&utm_medium=referral&utm_source=mcp&rp=20,note_ppe,FY2025,2025-03-31,FY,Cushion gas,Migration/disposals,-3.2,usd_millions,0,1,19,block=cost
business_100,4064735,20,https://web.quartr.com/companies/21558?companyId=21558&documentId=4064735&documentType=report&eventId=554427&navigation=external&utm_medium=referral&utm_source=mcp&rp=20,note_ppe,FY2025,2025-03-31,FY,Pipelines and interconnects,Migration/disposals,-0.3,usd_millions,0,1,20,block=cost
business_100,4064735,20,https://web.quartr.com/companies/21558?companyId=21558&documentId=4064735&documentType=report&eventId=554427&navigation=external&utm_medium=referral&utm_source=mcp&rp=20,note_ppe,FY2025,2025-03-31,FY,Wells,Migration/disposals,-0.7,usd_millions,0,1,21,block=cost
business_100,4064735,20,https://web.quartr.com/companies/21558?companyId=21558&documentId=4064735&documentType=report&eventId=554427&navigation=external&utm_medium=referral&utm_source=mcp&rp=20,note_ppe,FY2025,2025-03-31,FY,Land and storage formations,Migration/disposals,-1.2,usd_millions,0,1,22,block=cost
business_100,4064735,20,https://web.quartr.com/companies/21558?companyId=21558&documentId=4064735&documentType=report&eventId=554427&navigation=external&utm_medium=referral&utm_source=mcp&rp=20,note_ppe,FY2025,2025-03-31,FY,Facilities and other,Migration/disposals,-1.3,usd_millions,0,1,23,block=cost
business_100,4064735,20,https://web.quartr.com/companies/21558?companyId=21558&documentId=4064735&documentType=report&eventId=554427&navigation=external&utm_medium=referral&utm_source=mcp&rp=20,note_ppe,FY2025,2025-03-31,FY,Total,Migration/disposals,-6.7,usd_millions,0,1,24,block=cost
business_100,4064735,20,https://web.quartr.com/companies/21558?companyId=21558&documentId=4064735&documentType=report&eventId=554427&navigation=external&utm_medium=referral&utm_source=mcp&rp=20,note_ppe,FY2025,2025-03-31,FY,Cushion gas,Foreign currency translation adjustments,-1.0,usd_millions,0,1,25,block=cost
business_100,4064735,20,https://web.quartr.com/companies/21558?companyId=21558&documentId=4064735&documentType=report&eventId=554427&navigation=external&utm_medium=referral&utm_source=mcp&rp=20,note_ppe,FY2025,2025-03-31,FY,Pipelines and interconnects,Foreign currency translation adjustments,-0.1,usd_millions,0,1,26,block=cost
business_100,4064735,20,https://web.quartr.com/companies/21558?companyId=21558&documentId=4064735&documentType=report&eventId=554427&navigation=external&utm_medium=referral&utm_source=mcp&rp=20,note_ppe,FY2025,2025-03-31,FY,Wells,Foreign currency translation adjustments,-1.2,usd_millions,0,1,27,block=cost
business_100,4064735,20,https://web.quartr.com/companies/21558?companyId=21558&documentId=4064735&documentType=report&eventId=554427&navigation=external&utm_medium=referral&utm_source=mcp&rp=20,note_ppe,FY2025,2025-03-31,FY,Land and storage formations,Foreign currency translation adjustments,-0.3,usd_millions,0,1,28,block=cost
business_100,4064735,20,https://web.quartr.com/companies/21558?companyId=21558&documentId=4064735&documentType=report&eventId=554427&navigation=external&utm_medium=referral&utm_source=mcp&rp=20,note_ppe,FY2025,2025-03-31,FY,Facilities and other,Foreign currency translation adjustments,-3.3,usd_millions,0,1,29,block=cost
business_100,4064735,20,https://web.quartr.com/companies/21558?companyId=21558&documentId=4064735&documentType=report&eventId=554427&navigation=external&utm_medium=referral&utm_source=mcp&rp=20,note_ppe,FY2025,2025-03-31,FY,Total,Foreign currency translation adjustments,-5.9,usd_millions,0,1,30,block=cost
business_100,4064735,20,https://web.quartr.com/companies/21558?companyId=21558&documentId=4064735&documentType=report&eventId=554427&navigation=external&utm_medium=referral&utm_source=mcp&rp=20,note_ppe,FY2025,2025-03-31,instant,Cushion gas,"Balance, March 31, 2025",169.4,usd_millions,1,1,31,block=cost
business_100,4064735,20,https://web.quartr.com/companies/21558?companyId=21558&documentId=4064735&documentType=report&eventId=554427&navigation=external&utm_medium=referral&utm_source=mcp&rp=20,note_ppe,FY2025,2025-03-31,instant,Pipelines and interconnects,"Balance, March 31, 2025",152.5,usd_millions,1,1,32,block=cost
business_100,4064735,20,https://web.quartr.com/companies/21558?companyId=21558&documentId=4064735&documentType=report&eventId=554427&navigation=external&utm_medium=referral&utm_source=mcp&rp=20,note_ppe,FY2025,2025-03-31,instant,Wells,"Balance, March 31, 2025",323.3,usd_millions,1,1,33,block=cost
business_100,4064735,20,https://web.quartr.com/companies/21558?companyId=21558&documentId=4064735&documentType=report&eventId=554427&navigation=external&utm_medium=referral&utm_source=mcp&rp=20,note_ppe,FY2025,2025-03-31,instant,Land and storage formations,"Balance, March 31, 2025",101.1,usd_millions,1,1,34,block=cost
business_100,4064735,20,https://web.quartr.com/companies/21558?companyId=21558&documentId=4064735&documentType=report&eventId=554427&navigation=external&utm_medium=referral&utm_source=mcp&rp=20,note_ppe,FY2025,2025-03-31,instant,Facilities and other,"Balance, March 31, 2025",415.1,usd_millions,1,1,35,block=cost
business_100,4064735,20,https://web.quartr.com/companies/21558?companyId=21558&documentId=4064735&documentType=report&eventId=554427&navigation=external&utm_medium=referral&utm_source=mcp&rp=20,note_ppe,FY2025,2025-03-31,instant,Total,"Balance, March 31, 2025",1161.4,usd_millions,1,1,36,block=cost
business_100,4064735,20,https://web.quartr.com/companies/21558?companyId=21558&documentId=4064735&documentType=report&eventId=554427&navigation=external&utm_medium=referral&utm_source=mcp&rp=20,note_ppe,FY2026,2026-03-31,FY,Cushion gas,Additions,3.0,usd_millions,0,0,37,block=cost
business_100,4064735,20,https://web.quartr.com/companies/21558?companyId=21558&documentId=4064735&documentType=report&eventId=554427&navigation=external&utm_medium=referral&utm_source=mcp&rp=20,note_ppe,FY2026,2026-03-31,FY,Pipelines and interconnects,Additions,2.8,usd_millions,0,0,38,block=cost
business_100,4064735,20,https://web.quartr.com/companies/21558?companyId=21558&documentId=4064735&documentType=report&eventId=554427&navigation=external&utm_medium=referral&utm_source=mcp&rp=20,note_ppe,FY2026,2026-03-31,FY,Wells,Additions,13.1,usd_millions,0,0,39,block=cost
business_100,4064735,20,https://web.quartr.com/companies/21558?companyId=21558&documentId=4064735&documentType=report&eventId=554427&navigation=external&utm_medium=referral&utm_source=mcp&rp=20,note_ppe,FY2026,2026-03-31,FY,Land and storage formations,Additions,0.0,usd_millions,0,0,40,block=cost; printed_dash_zero
business_100,4064735,20,https://web.quartr.com/companies/21558?companyId=21558&documentId=4064735&documentType=report&eventId=554427&navigation=external&utm_medium=referral&utm_source=mcp&rp=20,note_ppe,FY2026,2026-03-31,FY,Facilities and other,Additions,8.4,usd_millions,0,0,41,block=cost
business_100,4064735,20,https://web.quartr.com/companies/21558?companyId=21558&documentId=4064735&documentType=report&eventId=554427&navigation=external&utm_medium=referral&utm_source=mcp&rp=20,note_ppe,FY2026,2026-03-31,FY,Total,Additions,27.3,usd_millions,0,0,42,block=cost
business_100,4064735,20,https://web.quartr.com/companies/21558?companyId=21558&documentId=4064735&documentType=report&eventId=554427&navigation=external&utm_medium=referral&utm_source=mcp&rp=20,note_ppe,FY2026,2026-03-31,FY,Cushion gas,Changes in decommissioning obligations - Note 11,0.0,usd_millions,0,0,43,block=cost; printed_dash_zero
business_100,4064735,20,https://web.quartr.com/companies/21558?companyId=21558&documentId=4064735&documentType=report&eventId=554427&navigation=external&utm_medium=referral&utm_source=mcp&rp=20,note_ppe,FY2026,2026-03-31,FY,Pipelines and interconnects,Changes in decommissioning obligations - Note 11,0.2,usd_millions,0,0,44,block=cost
business_100,4064735,20,https://web.quartr.com/companies/21558?companyId=21558&documentId=4064735&documentType=report&eventId=554427&navigation=external&utm_medium=referral&utm_source=mcp&rp=20,note_ppe,FY2026,2026-03-31,FY,Wells,Changes in decommissioning obligations - Note 11,-0.5,usd_millions,0,0,45,block=cost
business_100,4064735,20,https://web.quartr.com/companies/21558?companyId=21558&documentId=4064735&documentType=report&eventId=554427&navigation=external&utm_medium=referral&utm_source=mcp&rp=20,note_ppe,FY2026,2026-03-31,FY,Land and storage formations,Changes in decommissioning obligations - Note 11,0.0,usd_millions,0,0,46,block=cost; printed_dash_zero
business_100,4064735,20,https://web.quartr.com/companies/21558?companyId=21558&documentId=4064735&documentType=report&eventId=554427&navigation=external&utm_medium=referral&utm_source=mcp&rp=20,note_ppe,FY2026,2026-03-31,FY,Facilities and other,Changes in decommissioning obligations - Note 11,1.2,usd_millions,0,0,47,block=cost
business_100,4064735,20,https://web.quartr.com/companies/21558?companyId=21558&documentId=4064735&documentType=report&eventId=554427&navigation=external&utm_medium=referral&utm_source=mcp&rp=20,note_ppe,FY2026,2026-03-31,FY,Total,Changes in decommissioning obligations - Note 11,0.9,usd_millions,0,0,48,block=cost
business_100,4064735,20,https://web.quartr.com/companies/21558?companyId=21558&documentId=4064735&documentType=report&eventId=554427&navigation=external&utm_medium=referral&utm_source=mcp&rp=20,note_ppe,FY2026,2026-03-31,FY,Cushion gas,Lease additions and remeasurements - Note 8,0.0,usd_millions,0,0,49,block=cost; printed_dash_zero
business_100,4064735,20,https://web.quartr.com/companies/21558?companyId=21558&documentId=4064735&documentType=report&eventId=554427&navigation=external&utm_medium=referral&utm_source=mcp&rp=20,note_ppe,FY2026,2026-03-31,FY,Pipelines and interconnects,Lease additions and remeasurements - Note 8,0.0,usd_millions,0,0,50,block=cost; printed_dash_zero
business_100,4064735,20,https://web.quartr.com/companies/21558?companyId=21558&documentId=4064735&documentType=report&eventId=554427&navigation=external&utm_medium=referral&utm_source=mcp&rp=20,note_ppe,FY2026,2026-03-31,FY,Wells,Lease additions and remeasurements - Note 8,0.0,usd_millions,0,0,51,block=cost; printed_dash_zero
business_100,4064735,20,https://web.quartr.com/companies/21558?companyId=21558&documentId=4064735&documentType=report&eventId=554427&navigation=external&utm_medium=referral&utm_source=mcp&rp=20,note_ppe,FY2026,2026-03-31,FY,Land and storage formations,Lease additions and remeasurements - Note 8,8.5,usd_millions,0,0,52,block=cost
business_100,4064735,20,https://web.quartr.com/companies/21558?companyId=21558&documentId=4064735&documentType=report&eventId=554427&navigation=external&utm_medium=referral&utm_source=mcp&rp=20,note_ppe,FY2026,2026-03-31,FY,Facilities and other,Lease additions and remeasurements - Note 8,0.0,usd_millions,0,0,53,block=cost; printed_dash_zero
business_100,4064735,20,https://web.quartr.com/companies/21558?companyId=21558&documentId=4064735&documentType=report&eventId=554427&navigation=external&utm_medium=referral&utm_source=mcp&rp=20,note_ppe,FY2026,2026-03-31,FY,Total,Lease additions and remeasurements - Note 8,8.5,usd_millions,0,0,54,block=cost
business_100,4064735,20,https://web.quartr.com/companies/21558?companyId=21558&documentId=4064735&documentType=report&eventId=554427&navigation=external&utm_medium=referral&utm_source=mcp&rp=20,note_ppe,FY2026,2026-03-31,FY,Cushion gas,Migration/disposals,-3.1,usd_millions,0,0,55,block=cost
business_100,4064735,20,https://web.quartr.com/companies/21558?companyId=21558&documentId=4064735&documentType=report&eventId=554427&navigation=external&utm_medium=referral&utm_source=mcp&rp=20,note_ppe,FY2026,2026-03-31,FY,Pipelines and interconnects,Migration/disposals,-0.7,usd_millions,0,0,56,block=cost
business_100,4064735,20,https://web.quartr.com/companies/21558?companyId=21558&documentId=4064735&documentType=report&eventId=554427&navigation=external&utm_medium=referral&utm_source=mcp&rp=20,note_ppe,FY2026,2026-03-31,FY,Wells,Migration/disposals,-4.0,usd_millions,0,0,57,block=cost
business_100,4064735,20,https://web.quartr.com/companies/21558?companyId=21558&documentId=4064735&documentType=report&eventId=554427&navigation=external&utm_medium=referral&utm_source=mcp&rp=20,note_ppe,FY2026,2026-03-31,FY,Land and storage formations,Migration/disposals,-0.1,usd_millions,0,0,58,block=cost
business_100,4064735,20,https://web.quartr.com/companies/21558?companyId=21558&documentId=4064735&documentType=report&eventId=554427&navigation=external&utm_medium=referral&utm_source=mcp&rp=20,note_ppe,FY2026,2026-03-31,FY,Facilities and other,Migration/disposals,-3.5,usd_millions,0,0,59,block=cost
business_100,4064735,20,https://web.quartr.com/companies/21558?companyId=21558&documentId=4064735&documentType=report&eventId=554427&navigation=external&utm_medium=referral&utm_source=mcp&rp=20,note_ppe,FY2026,2026-03-31,FY,Total,Migration/disposals,-11.4,usd_millions,0,0,60,block=cost
business_100,4064735,20,https://web.quartr.com/companies/21558?companyId=21558&documentId=4064735&documentType=report&eventId=554427&navigation=external&utm_medium=referral&utm_source=mcp&rp=20,note_ppe,FY2026,2026-03-31,FY,Cushion gas,Foreign currency translation adjustments,0.5,usd_millions,0,0,61,block=cost
business_100,4064735,20,https://web.quartr.com/companies/21558?companyId=21558&documentId=4064735&documentType=report&eventId=554427&navigation=external&utm_medium=referral&utm_source=mcp&rp=20,note_ppe,FY2026,2026-03-31,FY,Pipelines and interconnects,Foreign currency translation adjustments,0.0,usd_millions,0,0,62,block=cost; printed_dash_zero
business_100,4064735,20,https://web.quartr.com/companies/21558?companyId=21558&documentId=4064735&documentType=report&eventId=554427&navigation=external&utm_medium=referral&utm_source=mcp&rp=20,note_ppe,FY2026,2026-03-31,FY,Wells,Foreign currency translation adjustments,0.7,usd_millions,0,0,63,block=cost
business_100,4064735,20,https://web.quartr.com/companies/21558?companyId=21558&documentId=4064735&documentType=report&eventId=554427&navigation=external&utm_medium=referral&utm_source=mcp&rp=20,note_ppe,FY2026,2026-03-31,FY,Land and storage formations,Foreign currency translation adjustments,0.1,usd_millions,0,0,64,block=cost
business_100,4064735,20,https://web.quartr.com/companies/21558?companyId=21558&documentId=4064735&documentType=report&eventId=554427&navigation=external&utm_medium=referral&utm_source=mcp&rp=20,note_ppe,FY2026,2026-03-31,FY,Facilities and other,Foreign currency translation adjustments,1.7,usd_millions,0,0,65,block=cost
business_100,4064735,20,https://web.quartr.com/companies/21558?companyId=21558&documentId=4064735&documentType=report&eventId=554427&navigation=external&utm_medium=referral&utm_source=mcp&rp=20,note_ppe,FY2026,2026-03-31,FY,Total,Foreign currency translation adjustments,3.0,usd_millions,0,0,66,block=cost
business_100,4064735,20,https://web.quartr.com/companies/21558?companyId=21558&documentId=4064735&documentType=report&eventId=554427&navigation=external&utm_medium=referral&utm_source=mcp&rp=20,note_ppe,FY2026,2026-03-31,instant,Cushion gas,"Balance, March 31, 2026",169.8,usd_millions,1,0,67,block=cost
business_100,4064735,20,https://web.quartr.com/companies/21558?companyId=21558&documentId=4064735&documentType=report&eventId=554427&navigation=external&utm_medium=referral&utm_source=mcp&rp=20,note_ppe,FY2026,2026-03-31,instant,Pipelines and interconnects,"Balance, March 31, 2026",154.8,usd_millions,1,0,68,block=cost
business_100,4064735,20,https://web.quartr.com/companies/21558?companyId=21558&documentId=4064735&documentType=report&eventId=554427&navigation=external&utm_medium=referral&utm_source=mcp&rp=20,note_ppe,FY2026,2026-03-31,instant,Wells,"Balance, March 31, 2026",332.6,usd_millions,1,0,69,block=cost
business_100,4064735,20,https://web.quartr.com/companies/21558?companyId=21558&documentId=4064735&documentType=report&eventId=554427&navigation=external&utm_medium=referral&utm_source=mcp&rp=20,note_ppe,FY2026,2026-03-31,instant,Land and storage formations,"Balance, March 31, 2026",109.6,usd_millions,1,0,70,block=cost
business_100,4064735,20,https://web.quartr.com/companies/21558?companyId=21558&documentId=4064735&documentType=report&eventId=554427&navigation=external&utm_medium=referral&utm_source=mcp&rp=20,note_ppe,FY2026,2026-03-31,instant,Facilities and other,"Balance, March 31, 2026",422.9,usd_millions,1,0,71,block=cost
business_100,4064735,20,https://web.quartr.com/companies/21558?companyId=21558&documentId=4064735&documentType=report&eventId=554427&navigation=external&utm_medium=referral&utm_source=mcp&rp=20,note_ppe,FY2026,2026-03-31,instant,Total,"Balance, March 31, 2026",1189.7,usd_millions,1,0,72,block=cost
business_100,4064735,20,https://web.quartr.com/companies/21558?companyId=21558&documentId=4064735&documentType=report&eventId=554427&navigation=external&utm_medium=referral&utm_source=mcp&rp=20,note_ppe,FY2025,2024-04-01,instant,Cushion gas,"Balance, April 1, 2024",0.0,usd_millions,1,1,73,block=accumulated_depreciation; printed_dash_zero
business_100,4064735,20,https://web.quartr.com/companies/21558?companyId=21558&documentId=4064735&documentType=report&eventId=554427&navigation=external&utm_medium=referral&utm_source=mcp&rp=20,note_ppe,FY2025,2024-04-01,instant,Pipelines and interconnects,"Balance, April 1, 2024",-34.9,usd_millions,1,1,74,block=accumulated_depreciation
business_100,4064735,20,https://web.quartr.com/companies/21558?companyId=21558&documentId=4064735&documentType=report&eventId=554427&navigation=external&utm_medium=referral&utm_source=mcp&rp=20,note_ppe,FY2025,2024-04-01,instant,Wells,"Balance, April 1, 2024",-71.1,usd_millions,1,1,75,block=accumulated_depreciation
business_100,4064735,20,https://web.quartr.com/companies/21558?companyId=21558&documentId=4064735&documentType=report&eventId=554427&navigation=external&utm_medium=referral&utm_source=mcp&rp=20,note_ppe,FY2025,2024-04-01,instant,Land and storage formations,"Balance, April 1, 2024",-15.9,usd_millions,1,1,76,block=accumulated_depreciation
business_100,4064735,20,https://web.quartr.com/companies/21558?companyId=21558&documentId=4064735&documentType=report&eventId=554427&navigation=external&utm_medium=referral&utm_source=mcp&rp=20,note_ppe,FY2025,2024-04-01,instant,Facilities and other,"Balance, April 1, 2024",-128.7,usd_millions,1,1,77,block=accumulated_depreciation
business_100,4064735,20,https://web.quartr.com/companies/21558?companyId=21558&documentId=4064735&documentType=report&eventId=554427&navigation=external&utm_medium=referral&utm_source=mcp&rp=20,note_ppe,FY2025,2024-04-01,instant,Total,"Balance, April 1, 2024",-250.6,usd_millions,1,1,78,block=accumulated_depreciation
business_100,4064735,20,https://web.quartr.com/companies/21558?companyId=21558&documentId=4064735&documentType=report&eventId=554427&navigation=external&utm_medium=referral&utm_source=mcp&rp=20,note_ppe,FY2025,2025-03-31,FY,Cushion gas,Depreciation expense,0.0,usd_millions,0,1,79,block=accumulated_depreciation; printed_dash_zero
business_100,4064735,20,https://web.quartr.com/companies/21558?companyId=21558&documentId=4064735&documentType=report&eventId=554427&navigation=external&utm_medium=referral&utm_source=mcp&rp=20,note_ppe,FY2025,2025-03-31,FY,Pipelines and interconnects,Depreciation expense,-4.3,usd_millions,0,1,80,block=accumulated_depreciation
business_100,4064735,20,https://web.quartr.com/companies/21558?companyId=21558&documentId=4064735&documentType=report&eventId=554427&navigation=external&utm_medium=referral&utm_source=mcp&rp=20,note_ppe,FY2025,2025-03-31,FY,Wells,Depreciation expense,-7.7,usd_millions,0,1,81,block=accumulated_depreciation
business_100,4064735,20,https://web.quartr.com/companies/21558?companyId=21558&documentId=4064735&documentType=report&eventId=554427&navigation=external&utm_medium=referral&utm_source=mcp&rp=20,note_ppe,FY2025,2025-03-31,FY,Land and storage formations,Depreciation expense,-3.2,usd_millions,0,1,82,block=accumulated_depreciation
business_100,4064735,20,https://web.quartr.com/companies/21558?companyId=21558&documentId=4064735&documentType=report&eventId=554427&navigation=external&utm_medium=referral&utm_source=mcp&rp=20,note_ppe,FY2025,2025-03-31,FY,Facilities and other,Depreciation expense,-14.7,usd_millions,0,1,83,block=accumulated_depreciation
business_100,4064735,20,https://web.quartr.com/companies/21558?companyId=21558&documentId=4064735&documentType=report&eventId=554427&navigation=external&utm_medium=referral&utm_source=mcp&rp=20,note_ppe,FY2025,2025-03-31,FY,Total,Depreciation expense,-29.9,usd_millions,0,1,84,block=accumulated_depreciation
business_100,4064735,20,https://web.quartr.com/companies/21558?companyId=21558&documentId=4064735&documentType=report&eventId=554427&navigation=external&utm_medium=referral&utm_source=mcp&rp=20,note_ppe,FY2025,2025-03-31,FY,Cushion gas,Disposals,0.0,usd_millions,0,1,85,block=accumulated_depreciation; printed_dash_zero
business_100,4064735,20,https://web.quartr.com/companies/21558?companyId=21558&documentId=4064735&documentType=report&eventId=554427&navigation=external&utm_medium=referral&utm_source=mcp&rp=20,note_ppe,FY2025,2025-03-31,FY,Pipelines and interconnects,Disposals,0.1,usd_millions,0,1,86,block=accumulated_depreciation
business_100,4064735,20,https://web.quartr.com/companies/21558?companyId=21558&documentId=4064735&documentType=report&eventId=554427&navigation=external&utm_medium=referral&utm_source=mcp&rp=20,note_ppe,FY2025,2025-03-31,FY,Wells,Disposals,0.2,usd_millions,0,1,87,block=accumulated_depreciation
business_100,4064735,20,https://web.quartr.com/companies/21558?companyId=21558&documentId=4064735&documentType=report&eventId=554427&navigation=external&utm_medium=referral&utm_source=mcp&rp=20,note_ppe,FY2025,2025-03-31,FY,Land and storage formations,Disposals,1.2,usd_millions,0,1,88,block=accumulated_depreciation
business_100,4064735,20,https://web.quartr.com/companies/21558?companyId=21558&documentId=4064735&documentType=report&eventId=554427&navigation=external&utm_medium=referral&utm_source=mcp&rp=20,note_ppe,FY2025,2025-03-31,FY,Facilities and other,Disposals,0.7,usd_millions,0,1,89,block=accumulated_depreciation
business_100,4064735,20,https://web.quartr.com/companies/21558?companyId=21558&documentId=4064735&documentType=report&eventId=554427&navigation=external&utm_medium=referral&utm_source=mcp&rp=20,note_ppe,FY2025,2025-03-31,FY,Total,Disposals,2.2,usd_millions,0,1,90,block=accumulated_depreciation
business_100,4064735,20,https://web.quartr.com/companies/21558?companyId=21558&documentId=4064735&documentType=report&eventId=554427&navigation=external&utm_medium=referral&utm_source=mcp&rp=20,note_ppe,FY2025,2025-03-31,FY,Cushion gas,Foreign currency translation adjustments,0.0,usd_millions,0,1,91,block=accumulated_depreciation; printed_dash_zero
business_100,4064735,20,https://web.quartr.com/companies/21558?companyId=21558&documentId=4064735&documentType=report&eventId=554427&navigation=external&utm_medium=referral&utm_source=mcp&rp=20,note_ppe,FY2025,2025-03-31,FY,Pipelines and interconnects,Foreign currency translation adjustments,0.0,usd_millions,0,1,92,block=accumulated_depreciation
business_100,4064735,20,https://web.quartr.com/companies/21558?companyId=21558&documentId=4064735&documentType=report&eventId=554427&navigation=external&utm_medium=referral&utm_source=mcp&rp=20,note_ppe,FY2025,2025-03-31,FY,Wells,Foreign currency translation adjustments,0.4,usd_millions,0,1,93,block=accumulated_depreciation
business_100,4064735,20,https://web.quartr.com/companies/21558?companyId=21558&documentId=4064735&documentType=report&eventId=554427&navigation=external&utm_medium=referral&utm_source=mcp&rp=20,note_ppe,FY2025,2025-03-31,FY,Land and storage formations,Foreign currency translation adjustments,0.0,usd_millions,0,1,94,block=accumulated_depreciation
business_100,4064735,20,https://web.quartr.com/companies/21558?companyId=21558&documentId=4064735&documentType=report&eventId=554427&navigation=external&utm_medium=referral&utm_source=mcp&rp=20,note_ppe,FY2025,2025-03-31,FY,Facilities and other,Foreign currency translation adjustments,1.1,usd_millions,0,1,95,block=accumulated_depreciation
business_100,4064735,20,https://web.quartr.com/companies/21558?companyId=21558&documentId=4064735&documentType=report&eventId=554427&navigation=external&utm_medium=referral&utm_source=mcp&rp=20,note_ppe,FY2025,2025-03-31,FY,Total,Foreign currency translation adjustments,1.5,usd_millions,0,1,96,block=accumulated_depreciation
business_100,4064735,20,https://web.quartr.com/companies/21558?companyId=21558&documentId=4064735&documentType=report&eventId=554427&navigation=external&utm_medium=referral&utm_source=mcp&rp=20,note_ppe,FY2025,2025-03-31,instant,Cushion gas,"Balance, March 31, 2025",0.0,usd_millions,1,1,97,block=accumulated_depreciation; printed_dash_zero
business_100,4064735,20,https://web.quartr.com/companies/21558?companyId=21558&documentId=4064735&documentType=report&eventId=554427&navigation=external&utm_medium=referral&utm_source=mcp&rp=20,note_ppe,FY2025,2025-03-31,instant,Pipelines and interconnects,"Balance, March 31, 2025",-39.1,usd_millions,1,1,98,block=accumulated_depreciation
business_100,4064735,20,https://web.quartr.com/companies/21558?companyId=21558&documentId=4064735&documentType=report&eventId=554427&navigation=external&utm_medium=referral&utm_source=mcp&rp=20,note_ppe,FY2025,2025-03-31,instant,Wells,"Balance, March 31, 2025",-78.2,usd_millions,1,1,99,block=accumulated_depreciation
business_100,4064735,20,https://web.quartr.com/companies/21558?companyId=21558&documentId=4064735&documentType=report&eventId=554427&navigation=external&utm_medium=referral&utm_source=mcp&rp=20,note_ppe,FY2025,2025-03-31,instant,Land and storage formations,"Balance, March 31, 2025",-17.9,usd_millions,1,1,100,block=accumulated_depreciation
business_100,4064735,20,https://web.quartr.com/companies/21558?companyId=21558&documentId=4064735&documentType=report&eventId=554427&navigation=external&utm_medium=referral&utm_source=mcp&rp=20,note_ppe,FY2025,2025-03-31,instant,Facilities and other,"Balance, March 31, 2025",-141.6,usd_millions,1,1,101,block=accumulated_depreciation
business_100,4064735,20,https://web.quartr.com/companies/21558?companyId=21558&documentId=4064735&documentType=report&eventId=554427&navigation=external&utm_medium=referral&utm_source=mcp&rp=20,note_ppe,FY2025,2025-03-31,instant,Total,"Balance, March 31, 2025",-276.8,usd_millions,1,1,102,block=accumulated_depreciation
business_100,4064735,20,https://web.quartr.com/companies/21558?companyId=21558&documentId=4064735&documentType=report&eventId=554427&navigation=external&utm_medium=referral&utm_source=mcp&rp=20,note_ppe,FY2026,2026-03-31,FY,Cushion gas,Depreciation expense,0.0,usd_millions,0,0,103,block=accumulated_depreciation; printed_dash_zero
business_100,4064735,20,https://web.quartr.com/companies/21558?companyId=21558&documentId=4064735&documentType=report&eventId=554427&navigation=external&utm_medium=referral&utm_source=mcp&rp=20,note_ppe,FY2026,2026-03-31,FY,Pipelines and interconnects,Depreciation expense,-4.5,usd_millions,0,0,104,block=accumulated_depreciation
business_100,4064735,20,https://web.quartr.com/companies/21558?companyId=21558&documentId=4064735&documentType=report&eventId=554427&navigation=external&utm_medium=referral&utm_source=mcp&rp=20,note_ppe,FY2026,2026-03-31,FY,Wells,Depreciation expense,-8.1,usd_millions,0,0,105,block=accumulated_depreciation
business_100,4064735,20,https://web.quartr.com/companies/21558?companyId=21558&documentId=4064735&documentType=report&eventId=554427&navigation=external&utm_medium=referral&utm_source=mcp&rp=20,note_ppe,FY2026,2026-03-31,FY,Land and storage formations,Depreciation expense,-3.4,usd_millions,0,0,106,block=accumulated_depreciation
business_100,4064735,20,https://web.quartr.com/companies/21558?companyId=21558&documentId=4064735&documentType=report&eventId=554427&navigation=external&utm_medium=referral&utm_source=mcp&rp=20,note_ppe,FY2026,2026-03-31,FY,Facilities and other,Depreciation expense,-15.0,usd_millions,0,0,107,block=accumulated_depreciation
business_100,4064735,20,https://web.quartr.com/companies/21558?companyId=21558&documentId=4064735&documentType=report&eventId=554427&navigation=external&utm_medium=referral&utm_source=mcp&rp=20,note_ppe,FY2026,2026-03-31,FY,Total,Depreciation expense,-31.0,usd_millions,0,0,108,block=accumulated_depreciation
business_100,4064735,20,https://web.quartr.com/companies/21558?companyId=21558&documentId=4064735&documentType=report&eventId=554427&navigation=external&utm_medium=referral&utm_source=mcp&rp=20,note_ppe,FY2026,2026-03-31,FY,Cushion gas,Disposals,0.0,usd_millions,0,0,109,block=accumulated_depreciation; printed_dash_zero
business_100,4064735,20,https://web.quartr.com/companies/21558?companyId=21558&documentId=4064735&documentType=report&eventId=554427&navigation=external&utm_medium=referral&utm_source=mcp&rp=20,note_ppe,FY2026,2026-03-31,FY,Pipelines and interconnects,Disposals,0.3,usd_millions,0,0,110,block=accumulated_depreciation
business_100,4064735,20,https://web.quartr.com/companies/21558?companyId=21558&documentId=4064735&documentType=report&eventId=554427&navigation=external&utm_medium=referral&utm_source=mcp&rp=20,note_ppe,FY2026,2026-03-31,FY,Wells,Disposals,4.8,usd_millions,0,0,111,block=accumulated_depreciation
business_100,4064735,20,https://web.quartr.com/companies/21558?companyId=21558&documentId=4064735&documentType=report&eventId=554427&navigation=external&utm_medium=referral&utm_source=mcp&rp=20,note_ppe,FY2026,2026-03-31,FY,Land and storage formations,Disposals,0.0,usd_millions,0,0,112,block=accumulated_depreciation
business_100,4064735,20,https://web.quartr.com/companies/21558?companyId=21558&documentId=4064735&documentType=report&eventId=554427&navigation=external&utm_medium=referral&utm_source=mcp&rp=20,note_ppe,FY2026,2026-03-31,FY,Facilities and other,Disposals,1.8,usd_millions,0,0,113,block=accumulated_depreciation
business_100,4064735,20,https://web.quartr.com/companies/21558?companyId=21558&documentId=4064735&documentType=report&eventId=554427&navigation=external&utm_medium=referral&utm_source=mcp&rp=20,note_ppe,FY2026,2026-03-31,FY,Total,Disposals,6.9,usd_millions,0,0,114,block=accumulated_depreciation
business_100,4064735,20,https://web.quartr.com/companies/21558?companyId=21558&documentId=4064735&documentType=report&eventId=554427&navigation=external&utm_medium=referral&utm_source=mcp&rp=20,note_ppe,FY2026,2026-03-31,FY,Cushion gas,Foreign currency translation adjustments,0.0,usd_millions,0,0,115,block=accumulated_depreciation; printed_dash_zero
business_100,4064735,20,https://web.quartr.com/companies/21558?companyId=21558&documentId=4064735&documentType=report&eventId=554427&navigation=external&utm_medium=referral&utm_source=mcp&rp=20,note_ppe,FY2026,2026-03-31,FY,Pipelines and interconnects,Foreign currency translation adjustments,0.1,usd_millions,0,0,116,block=accumulated_depreciation
business_100,4064735,20,https://web.quartr.com/companies/21558?companyId=21558&documentId=4064735&documentType=report&eventId=554427&navigation=external&utm_medium=referral&utm_source=mcp&rp=20,note_ppe,FY2026,2026-03-31,FY,Wells,Foreign currency translation adjustments,-0.2,usd_millions,0,0,117,block=accumulated_depreciation
business_100,4064735,20,https://web.quartr.com/companies/21558?companyId=21558&documentId=4064735&documentType=report&eventId=554427&navigation=external&utm_medium=referral&utm_source=mcp&rp=20,note_ppe,FY2026,2026-03-31,FY,Land and storage formations,Foreign currency translation adjustments,0.0,usd_millions,0,0,118,block=accumulated_depreciation
business_100,4064735,20,https://web.quartr.com/companies/21558?companyId=21558&documentId=4064735&documentType=report&eventId=554427&navigation=external&utm_medium=referral&utm_source=mcp&rp=20,note_ppe,FY2026,2026-03-31,FY,Facilities and other,Foreign currency translation adjustments,-0.6,usd_millions,0,0,119,block=accumulated_depreciation
business_100,4064735,20,https://web.quartr.com/companies/21558?companyId=21558&documentId=4064735&documentType=report&eventId=554427&navigation=external&utm_medium=referral&utm_source=mcp&rp=20,note_ppe,FY2026,2026-03-31,FY,Total,Foreign currency translation adjustments,-0.7,usd_millions,0,0,120,block=accumulated_depreciation
business_100,4064735,20,https://web.quartr.com/companies/21558?companyId=21558&documentId=4064735&documentType=report&eventId=554427&navigation=external&utm_medium=referral&utm_source=mcp&rp=20,note_ppe,FY2026,2026-03-31,instant,Cushion gas,"Balance, March 31, 2026",0.0,usd_millions,1,0,121,block=accumulated_depreciation; printed_dash_zero
business_100,4064735,20,https://web.quartr.com/companies/21558?companyId=21558&documentId=4064735&documentType=report&eventId=554427&navigation=external&utm_medium=referral&utm_source=mcp&rp=20,note_ppe,FY2026,2026-03-31,instant,Pipelines and interconnects,"Balance, March 31, 2026",-43.2,usd_millions,1,0,122,block=accumulated_depreciation
business_100,4064735,20,https://web.quartr.com/companies/21558?companyId=21558&documentId=4064735&documentType=report&eventId=554427&navigation=external&utm_medium=referral&utm_source=mcp&rp=20,note_ppe,FY2026,2026-03-31,instant,Wells,"Balance, March 31, 2026",-81.7,usd_millions,1,0,123,block=accumulated_depreciation
business_100,4064735,20,https://web.quartr.com/companies/21558?companyId=21558&documentId=4064735&documentType=report&eventId=554427&navigation=external&utm_medium=referral&utm_source=mcp&rp=20,note_ppe,FY2026,2026-03-31,instant,Land and storage formations,"Balance, March 31, 2026",-21.3,usd_millions,1,0,124,block=accumulated_depreciation
business_100,4064735,20,https://web.quartr.com/companies/21558?companyId=21558&documentId=4064735&documentType=report&eventId=554427&navigation=external&utm_medium=referral&utm_source=mcp&rp=20,note_ppe,FY2026,2026-03-31,instant,Facilities and other,"Balance, March 31, 2026",-155.4,usd_millions,1,0,125,block=accumulated_depreciation
business_100,4064735,20,https://web.quartr.com/companies/21558?companyId=21558&documentId=4064735&documentType=report&eventId=554427&navigation=external&utm_medium=referral&utm_source=mcp&rp=20,note_ppe,FY2026,2026-03-31,instant,Total,"Balance, March 31, 2026",-301.6,usd_millions,1,0,126,block=accumulated_depreciation
business_100,4064735,20,https://web.quartr.com/companies/21558?companyId=21558&documentId=4064735&documentType=report&eventId=554427&navigation=external&utm_medium=referral&utm_source=mcp&rp=20,note_ppe,FY2025,2025-03-31,instant,Cushion gas,"Balance, March 31, 2025",169.4,usd_millions,1,1,127,block=net_book_value
business_100,4064735,20,https://web.quartr.com/companies/21558?companyId=21558&documentId=4064735&documentType=report&eventId=554427&navigation=external&utm_medium=referral&utm_source=mcp&rp=20,note_ppe,FY2025,2025-03-31,instant,Pipelines and interconnects,"Balance, March 31, 2025",113.4,usd_millions,1,1,128,block=net_book_value
business_100,4064735,20,https://web.quartr.com/companies/21558?companyId=21558&documentId=4064735&documentType=report&eventId=554427&navigation=external&utm_medium=referral&utm_source=mcp&rp=20,note_ppe,FY2025,2025-03-31,instant,Wells,"Balance, March 31, 2025",245.1,usd_millions,1,1,129,block=net_book_value
business_100,4064735,20,https://web.quartr.com/companies/21558?companyId=21558&documentId=4064735&documentType=report&eventId=554427&navigation=external&utm_medium=referral&utm_source=mcp&rp=20,note_ppe,FY2025,2025-03-31,instant,Land and storage formations,"Balance, March 31, 2025",83.2,usd_millions,1,1,130,block=net_book_value
business_100,4064735,20,https://web.quartr.com/companies/21558?companyId=21558&documentId=4064735&documentType=report&eventId=554427&navigation=external&utm_medium=referral&utm_source=mcp&rp=20,note_ppe,FY2025,2025-03-31,instant,Facilities and other,"Balance, March 31, 2025",273.5,usd_millions,1,1,131,block=net_book_value
business_100,4064735,20,https://web.quartr.com/companies/21558?companyId=21558&documentId=4064735&documentType=report&eventId=554427&navigation=external&utm_medium=referral&utm_source=mcp&rp=20,note_ppe,FY2025,2025-03-31,instant,Total,"Balance, March 31, 2025",884.6,usd_millions,1,1,132,block=net_book_value
business_100,4064735,20,https://web.quartr.com/companies/21558?companyId=21558&documentId=4064735&documentType=report&eventId=554427&navigation=external&utm_medium=referral&utm_source=mcp&rp=20,note_ppe,FY2026,2026-03-31,instant,Cushion gas,"Balance, March 31, 2026",169.8,usd_millions,1,0,133,block=net_book_value
business_100,4064735,20,https://web.quartr.com/companies/21558?companyId=21558&documentId=4064735&documentType=report&eventId=554427&navigation=external&utm_medium=referral&utm_source=mcp&rp=20,note_ppe,FY2026,2026-03-31,instant,Pipelines and interconnects,"Balance, March 31, 2026",111.6,usd_millions,1,0,134,block=net_book_value
business_100,4064735,20,https://web.quartr.com/companies/21558?companyId=21558&documentId=4064735&documentType=report&eventId=554427&navigation=external&utm_medium=referral&utm_source=mcp&rp=20,note_ppe,FY2026,2026-03-31,instant,Wells,"Balance, March 31, 2026",250.9,usd_millions,1,0,135,block=net_book_value
business_100,4064735,20,https://web.quartr.com/companies/21558?companyId=21558&documentId=4064735&documentType=report&eventId=554427&navigation=external&utm_medium=referral&utm_source=mcp&rp=20,note_ppe,FY2026,2026-03-31,instant,Land and storage formations,"Balance, March 31, 2026",88.3,usd_millions,1,0,136,block=net_book_value
business_100,4064735,20,https://web.quartr.com/companies/21558?companyId=21558&documentId=4064735&documentType=report&eventId=554427&navigation=external&utm_medium=referral&utm_source=mcp&rp=20,note_ppe,FY2026,2026-03-31,instant,Facilities and other,"Balance, March 31, 2026",267.5,usd_millions,1,0,137,block=net_book_value
business_100,4064735,20,https://web.quartr.com/companies/21558?companyId=21558&documentId=4064735&documentType=report&eventId=554427&navigation=external&utm_medium=referral&utm_source=mcp&rp=20,note_ppe,FY2026,2026-03-31,instant,Total,"Balance, March 31, 2026",888.1,usd_millions,1,0,138,block=net_book_value
business_100,4064735,21,https://web.quartr.com/companies/21558?companyId=21558&documentId=4064735&documentType=report&eventId=554427&navigation=external&utm_medium=referral&utm_source=mcp&rp=21,note_debt,FY2026,2026-03-31,instant,The Business' debt consisted of the following:,Asset Backed Loan,0.0,usd_millions,0,0,1,printed_dash_zero
business_100,4064735,21,https://web.quartr.com/companies/21558?companyId=21558&documentId=4064735&documentType=report&eventId=554427&navigation=external&utm_medium=referral&utm_source=mcp&rp=21,note_debt,FY2025,2025-03-31,instant,The Business' debt consisted of the following:,Asset Backed Loan,0.0,usd_millions,0,1,2,printed_dash_zero
business_100,4064735,21,https://web.quartr.com/companies/21558?companyId=21558&documentId=4064735&documentType=report&eventId=554427&navigation=external&utm_medium=referral&utm_source=mcp&rp=21,note_debt,FY2026,2026-03-31,instant,The Business' debt consisted of the following:,Warwick Credit Facility,0.0,usd_millions,0,0,3,printed_dash_zero
business_100,4064735,21,https://web.quartr.com/companies/21558?companyId=21558&documentId=4064735&documentType=report&eventId=554427&navigation=external&utm_medium=referral&utm_source=mcp&rp=21,note_debt,FY2025,2025-03-31,instant,The Business' debt consisted of the following:,Warwick Credit Facility,13.6,usd_millions,0,1,4,
business_100,4064735,21,https://web.quartr.com/companies/21558?companyId=21558&documentId=4064735&documentType=report&eventId=554427&navigation=external&utm_medium=referral&utm_source=mcp&rp=21,note_debt,FY2026,2026-03-31,instant,The Business' debt consisted of the following:,Revolving Credit Facility,0.0,usd_millions,0,0,5,printed_dash_zero
business_100,4064735,21,https://web.quartr.com/companies/21558?companyId=21558&documentId=4064735&documentType=report&eventId=554427&navigation=external&utm_medium=referral&utm_source=mcp&rp=21,note_debt,FY2025,2025-03-31,instant,The Business' debt consisted of the following:,Revolving Credit Facility,0.0,usd_millions,0,1,6,printed_dash_zero
business_100,4064735,21,https://web.quartr.com/companies/21558?companyId=21558&documentId=4064735&documentType=report&eventId=554427&navigation=external&utm_medium=referral&utm_source=mcp&rp=21,note_debt,FY2026,2026-03-31,instant,The Business' debt consisted of the following:,Term Loan due 2031,1234.4,usd_millions,0,0,7,
business_100,4064735,21,https://web.quartr.com/companies/21558?companyId=21558&documentId=4064735&documentType=report&eventId=554427&navigation=external&utm_medium=referral&utm_source=mcp&rp=21,note_debt,FY2025,2025-03-31,instant,The Business' debt consisted of the following:,Term Loan due 2031,1246.8,usd_millions,0,1,8,
business_100,4064735,21,https://web.quartr.com/companies/21558?companyId=21558&documentId=4064735&documentType=report&eventId=554427&navigation=external&utm_medium=referral&utm_source=mcp&rp=21,note_debt,FY2026,2026-03-31,instant,The Business' debt consisted of the following:,Total principal amount of debt,1234.4,usd_millions,1,0,9,
business_100,4064735,21,https://web.quartr.com/companies/21558?companyId=21558&documentId=4064735&documentType=report&eventId=554427&navigation=external&utm_medium=referral&utm_source=mcp&rp=21,note_debt,FY2025,2025-03-31,instant,The Business' debt consisted of the following:,Total principal amount of debt,1260.4,usd_millions,1,1,10,
business_100,4064735,21,https://web.quartr.com/companies/21558?companyId=21558&documentId=4064735&documentType=report&eventId=554427&navigation=external&utm_medium=referral&utm_source=mcp&rp=21,note_debt,FY2026,2026-03-31,instant,The Business' debt consisted of the following:,"Portion classified as current, net",-12.2,usd_millions,0,0,11,under 'Less:'
business_100,4064735,21,https://web.quartr.com/companies/21558?companyId=21558&documentId=4064735&documentType=report&eventId=554427&navigation=external&utm_medium=referral&utm_source=mcp&rp=21,note_debt,FY2025,2025-03-31,instant,The Business' debt consisted of the following:,"Portion classified as current, net",-25.8,usd_millions,0,1,12,under 'Less:'
business_100,4064735,21,https://web.quartr.com/companies/21558?companyId=21558&documentId=4064735&documentType=report&eventId=554427&navigation=external&utm_medium=referral&utm_source=mcp&rp=21,note_debt,FY2026,2026-03-31,instant,The Business' debt consisted of the following:,Unamortized discount and deferred financing costs,-24.9,usd_millions,0,0,13,under 'Less:'
business_100,4064735,21,https://web.quartr.com/companies/21558?companyId=21558&documentId=4064735&documentType=report&eventId=554427&navigation=external&utm_medium=referral&utm_source=mcp&rp=21,note_debt,FY2025,2025-03-31,instant,The Business' debt consisted of the following:,Unamortized discount and deferred financing costs,-26.5,usd_millions,0,1,14,under 'Less:'
business_100,4064735,21,https://web.quartr.com/companies/21558?companyId=21558&documentId=4064735&documentType=report&eventId=554427&navigation=external&utm_medium=referral&utm_source=mcp&rp=21,note_debt,FY2026,2026-03-31,instant,The Business' debt consisted of the following:,"Total long-term debt, net",1197.3,usd_millions,1,0,15,
business_100,4064735,21,https://web.quartr.com/companies/21558?companyId=21558&documentId=4064735&documentType=report&eventId=554427&navigation=external&utm_medium=referral&utm_source=mcp&rp=21,note_debt,FY2025,2025-03-31,instant,The Business' debt consisted of the following:,"Total long-term debt, net",1208.1,usd_millions,1,1,16,
business_100,4064735,21,https://web.quartr.com/companies/21558?companyId=21558&documentId=4064735&documentType=report&eventId=554427&navigation=external&utm_medium=referral&utm_source=mcp&rp=21,note_debt,FY2026,2026-03-31,instant,a) Asset Backed Loan,Initial drawings on the new revolving credit facility,55.0,usd_millions,0,0,17,"narrative; drawn October 15, 2025"
business_100,4064735,21,https://web.quartr.com/companies/21558?companyId=21558&documentId=4064735&documentType=report&eventId=554427&navigation=external&utm_medium=referral&utm_source=mcp&rp=21,note_debt,FY2026,2026-03-31,instant,a) Asset Backed Loan,Outstanding cash drawings on the Asset Backed Loan repaid,55.8,usd_millions,0,0,18,"narrative; repaid October 15, 2025"
business_100,4064735,21,https://web.quartr.com/companies/21558?companyId=21558&documentId=4064735&documentType=report&eventId=554427&navigation=external&utm_medium=referral&utm_source=mcp&rp=21,note_debt,FY2025,2025-03-31,instant,a) Asset Backed Loan,Outstanding cash drawings on the Asset Backed Loan repaid,0.0,usd_millions,0,1,19,"narrative; printed as 'March 31, 2025 - nil'; printed_dash_zero"
business_100,4064735,21,https://web.quartr.com/companies/21558?companyId=21558&documentId=4064735&documentType=report&eventId=554427&navigation=external&utm_medium=referral&utm_source=mcp&rp=21,note_debt,FY2026,2026-03-31,instant,a) Asset Backed Loan,Issued letters of credit transferred to the new revolving credit facility,37.2,usd_millions,0,0,20,"narrative; transferred October 15, 2025"
business_100,4064735,21,https://web.quartr.com/companies/21558?companyId=21558&documentId=4064735&documentType=report&eventId=554427&navigation=external&utm_medium=referral&utm_source=mcp&rp=21,note_debt,FY2025,2025-03-31,instant,a) Asset Backed Loan,Issued letters of credit,32.8,usd_millions,0,1,21,"narrative; as of March 31, 2025"
business_100,4064735,21,https://web.quartr.com/companies/21558?companyId=21558&documentId=4064735&documentType=report&eventId=554427&navigation=external&utm_medium=referral&utm_source=mcp&rp=21,note_other,FY2026,2026-03-31,instant,6. Goodwill,Goodwill,117.2,usd_millions,0,0,1,narrative
business_100,4064735,21,https://web.quartr.com/companies/21558?companyId=21558&documentId=4064735&documentType=report&eventId=554427&navigation=external&utm_medium=referral&utm_source=mcp&rp=21,note_other,FY2025,2025-03-31,instant,6. Goodwill,Goodwill,117.2,usd_millions,0,1,2,narrative
business_100,4064735,21,https://web.quartr.com/companies/21558?companyId=21558&documentId=4064735&documentType=report&eventId=554427&navigation=external&utm_medium=referral&utm_source=mcp&rp=21,note_other,FY2026,2026-03-31,instant,6. Goodwill,Discount rate used to calculate AECO's value in use,11.2,pct,0,0,3,
business_100,4064735,21,https://web.quartr.com/companies/21558?companyId=21558&documentId=4064735&documentType=report&eventId=554427&navigation=external&utm_medium=referral&utm_source=mcp&rp=21,note_other,FY2025,2025-03-31,instant,6. Goodwill,Discount rate used to calculate AECO's value in use,11.8,pct,0,1,4,
business_100,4064735,22,https://web.quartr.com/companies/21558?companyId=21558&documentId=4064735&documentType=report&eventId=554427&navigation=external&utm_medium=referral&utm_source=mcp&rp=22,note_debt,FY2026,2026-03-31,instant,b) Warwick Credit Facility,Total then outstanding balance on WGS LP's revolving operating line of credit (the 'Warwick Credit Facility') repaid in full,9.4,usd_millions,0,0,1,"narrative; repaid October 14, 2025"
business_100,4064735,22,https://web.quartr.com/companies/21558?companyId=21558&documentId=4064735&documentType=report&eventId=554427&navigation=external&utm_medium=referral&utm_source=mcp&rp=22,note_debt,FY2025,2025-03-31,instant,b) Warwick Credit Facility,Borrowings outstanding on this credit facility,13.6,usd_millions,0,1,2,narrative
business_100,4064735,22,https://web.quartr.com/companies/21558?companyId=21558&documentId=4064735&documentType=report&eventId=554427&navigation=external&utm_medium=referral&utm_source=mcp&rp=22,note_debt,FY2025,2025-03-31,instant,b) Warwick Credit Facility,Interest rate on Warwick Credit Facility borrowings,5.55,pct,0,1,3,narrative
business_100,4064735,22,https://web.quartr.com/companies/21558?companyId=21558&documentId=4064735&documentType=report&eventId=554427&navigation=external&utm_medium=referral&utm_source=mcp&rp=22,note_debt,FY2026,2026-03-31,instant,c) Revolving Credit Facility,Committed capacity of the Revolving Credit Facility,350.0,usd_millions,0,0,4,"narrative; matures October 15, 2030"
business_100,4064735,22,https://web.quartr.com/companies/21558?companyId=21558&documentId=4064735&documentType=report&eventId=554427&navigation=external&utm_medium=referral&utm_source=mcp&rp=22,note_debt,FY2026,2026-03-31,instant,c) Revolving Credit Facility,Issued but unused letter of credit sub-limit,175.0,usd_millions,0,0,5,narrative
business_100,4064735,22,https://web.quartr.com/companies/21558?companyId=21558&documentId=4064735&documentType=report&eventId=554427&navigation=external&utm_medium=referral&utm_source=mcp&rp=22,note_debt,FY2026,2026-03-31,instant,c) Revolving Credit Facility,Total Net Leverage Ratio covenant maximum (consolidated total net debt to consolidated EBITDA),5.0,count,0,0,6,"narrative; 'no more than 5.00 to 1.00', tested quarterly from quarter ended December 31, 2025"
business_100,4064735,22,https://web.quartr.com/companies/21558?companyId=21558&documentId=4064735&documentType=report&eventId=554427&navigation=external&utm_medium=referral&utm_source=mcp&rp=22,note_debt,FY2026,2026-03-31,instant,c) Revolving Credit Facility,Borrowings outstanding under the Revolving Credit Facility,0.0,usd_millions,0,0,7,narrative; printed as 'no borrowings outstanding'; printed_dash_zero
business_100,4064735,22,https://web.quartr.com/companies/21558?companyId=21558&documentId=4064735&documentType=report&eventId=554427&navigation=external&utm_medium=referral&utm_source=mcp&rp=22,note_debt,FY2026,2026-03-31,instant,c) Revolving Credit Facility,Issued letters of credit,31.1,usd_millions,0,0,8,narrative
business_100,4064735,22,https://web.quartr.com/companies/21558?companyId=21558&documentId=4064735&documentType=report&eventId=554427&navigation=external&utm_medium=referral&utm_source=mcp&rp=22,note_debt,FY2026,2026-03-31,instant,d) Term Loan due 2026,"Term loan (the 'Term Loan due 2026') entered into August 17, 2023",450.0,usd_millions,0,0,9,"narrative; due August 17, 2026"
business_100,4064735,22,https://web.quartr.com/companies/21558?companyId=21558&documentId=4064735&documentType=report&eventId=554427&navigation=external&utm_medium=referral&utm_source=mcp&rp=22,note_debt,FY2025,2025-03-31,instant,d) Term Loan due 2026,Then outstanding principal amount of the Term Loan due 2026 settled,450.0,usd_millions,0,1,10,"narrative; settled September 18, 2024 from Term Loan due 2031 proceeds"
business_100,4064735,23,https://web.quartr.com/companies/21558?companyId=21558&documentId=4064735&documentType=report&eventId=554427&navigation=external&utm_medium=referral&utm_source=mcp&rp=23,note_debt,FY2025,2025-03-31,instant,e) Term Loan due 2031,"Senior secured term loan (the 'Term Loan due 2031') entered into September 18, 2024",1250.0,usd_millions,0,1,11,"narrative; original principal; due September 18, 2031"
business_100,4064735,23,https://web.quartr.com/companies/21558?companyId=21558&documentId=4064735&documentType=report&eventId=554427&navigation=external&utm_medium=referral&utm_source=mcp&rp=23,note_debt,FY2025,2025-03-31,instant,e) Term Loan due 2031,Proceeds from the Term Loan due 2031,1237.5,usd_millions,0,1,12,narrative
business_100,4064735,23,https://web.quartr.com/companies/21558?companyId=21558&documentId=4064735&documentType=report&eventId=554427&navigation=external&utm_medium=referral&utm_source=mcp&rp=23,note_debt,FY2025,2025-03-31,instant,e) Term Loan due 2031,Original issue discount,12.5,usd_millions,0,1,13,narrative
business_100,4064735,23,https://web.quartr.com/companies/21558?companyId=21558&documentId=4064735&documentType=report&eventId=554427&navigation=external&utm_medium=referral&utm_source=mcp&rp=23,note_debt,FY2026,2026-03-31,instant,e) Term Loan due 2031,Required quarterly principal repayment as a percentage of original principal borrowings,0.25,pct,0,0,14,"narrative; each fiscal quarter starting March 31, 2025"
business_100,4064735,23,https://web.quartr.com/companies/21558?companyId=21558&documentId=4064735&documentType=report&eventId=554427&navigation=external&utm_medium=referral&utm_source=mcp&rp=23,note_debt,FY2026,2026-03-31,instant,e) Term Loan due 2031,Principal of the Term Loan due 2031 remaining outstanding,1234.4,usd_millions,0,0,15,narrative
business_100,4064735,23,https://web.quartr.com/companies/21558?companyId=21558&documentId=4064735&documentType=report&eventId=554427&navigation=external&utm_medium=referral&utm_source=mcp&rp=23,note_debt,FY2025,2025-03-31,instant,e) Term Loan due 2031,Principal of the Term Loan due 2031 remaining outstanding,1246.8,usd_millions,0,1,16,narrative
business_100,4064735,23,https://web.quartr.com/companies/21558?companyId=21558&documentId=4064735&documentType=report&eventId=554427&navigation=external&utm_medium=referral&utm_source=mcp&rp=23,note_debt,FY2026,2026-03-31,instant,e) Term Loan due 2031,Current amounts owing included in outstanding principal,12.5,usd_millions,0,0,17,"narrative; NB balance-sheet/debt-table 'Portion classified as current, net' is 12.2"
business_100,4064735,23,https://web.quartr.com/companies/21558?companyId=21558&documentId=4064735&documentType=report&eventId=554427&navigation=external&utm_medium=referral&utm_source=mcp&rp=23,note_debt,FY2025,2025-03-31,instant,e) Term Loan due 2031,Current amounts owing included in outstanding principal,12.5,usd_millions,0,1,18,"narrative; NB debt-table 'Portion classified as current, net' is 25.8 (incl. Warwick Credit Facility 13.6)"
business_100,4064735,23,https://web.quartr.com/companies/21558?companyId=21558&documentId=4064735&documentType=report&eventId=554427&navigation=external&utm_medium=referral&utm_source=mcp&rp=23,note_debt,FY2026,2026-03-31,instant,e) Term Loan due 2031,Unamortized discount and deferred financing costs,24.9,usd_millions,0,0,19,narrative; excluded from principal outstanding
business_100,4064735,23,https://web.quartr.com/companies/21558?companyId=21558&documentId=4064735&documentType=report&eventId=554427&navigation=external&utm_medium=referral&utm_source=mcp&rp=23,note_debt,FY2025,2025-03-31,instant,e) Term Loan due 2031,Unamortized discount and deferred financing costs,26.5,usd_millions,0,1,20,narrative; excluded from principal outstanding
business_100,4064735,23,https://web.quartr.com/companies/21558?companyId=21558&documentId=4064735&documentType=report&eventId=554427&navigation=external&utm_medium=referral&utm_source=mcp&rp=23,note_debt,FY2026,2026-03-31,FY,e) Term Loan due 2031,Repaid towards the principal balance of the Term Loan due 2031,12.5,usd_millions,0,0,21,narrative
business_100,4064735,23,https://web.quartr.com/companies/21558?companyId=21558&documentId=4064735&documentType=report&eventId=554427&navigation=external&utm_medium=referral&utm_source=mcp&rp=23,note_debt,FY2025,2025-03-31,FY,e) Term Loan due 2031,Repaid towards the principal balance of the Term Loan due 2031,3.1,usd_millions,0,1,22,narrative
business_100,4064735,23,https://web.quartr.com/companies/21558?companyId=21558&documentId=4064735&documentType=report&eventId=554427&navigation=external&utm_medium=referral&utm_source=mcp&rp=23,note_debt,FY2025,2024-09-18,instant,e) Term Loan due 2031,SOFR loan margin at the loan's inception,3.5,pct,0,1,23,"narrative; SOFR plus 3.50%; inception September 18, 2024"
business_100,4064735,23,https://web.quartr.com/companies/21558?companyId=21558&documentId=4064735&documentType=report&eventId=554427&navigation=external&utm_medium=referral&utm_source=mcp&rp=23,note_debt,FY2025,2024-09-18,instant,e) Term Loan due 2031,Base rate loan margin at the loan's inception,2.5,pct,0,1,24,narrative; base rate plus 2.50%
business_100,4064735,23,https://web.quartr.com/companies/21558?companyId=21558&documentId=4064735&documentType=report&eventId=554427&navigation=external&utm_medium=referral&utm_source=mcp&rp=23,note_debt,FY2025,2025-03-19,instant,e) Term Loan due 2031,"SOFR loan margin effective March 19, 2025",3.0,pct,0,1,25,narrative; first amendment
business_100,4064735,23,https://web.quartr.com/companies/21558?companyId=21558&documentId=4064735&documentType=report&eventId=554427&navigation=external&utm_medium=referral&utm_source=mcp&rp=23,note_debt,FY2025,2025-03-19,instant,e) Term Loan due 2031,"Base rate loan margin effective March 19, 2025",2.0,pct,0,1,26,narrative; first amendment
business_100,4064735,23,https://web.quartr.com/companies/21558?companyId=21558&documentId=4064735&documentType=report&eventId=554427&navigation=external&utm_medium=referral&utm_source=mcp&rp=23,note_debt,FY2026,2025-10-29,instant,e) Term Loan due 2031,"SOFR loan margin effective October 29, 2025",2.5,pct,0,0,27,narrative; repricing
business_100,4064735,23,https://web.quartr.com/companies/21558?companyId=21558&documentId=4064735&documentType=report&eventId=554427&navigation=external&utm_medium=referral&utm_source=mcp&rp=23,note_debt,FY2026,2025-10-29,instant,e) Term Loan due 2031,"Base rate loan margin effective October 29, 2025",1.5,pct,0,0,28,narrative; repricing
business_100,4064735,23,https://web.quartr.com/companies/21558?companyId=21558&documentId=4064735&documentType=report&eventId=554427&navigation=external&utm_medium=referral&utm_source=mcp&rp=23,note_debt,FY2026,2026-03-31,instant,e) Term Loan due 2031,"Weighted average interest rate on the Term Loan due 2031, before considering associated hedges",6.2,pct,0,0,29,narrative
business_100,4064735,23,https://web.quartr.com/companies/21558?companyId=21558&documentId=4064735&documentType=report&eventId=554427&navigation=external&utm_medium=referral&utm_source=mcp&rp=23,note_debt,FY2025,2025-03-31,instant,e) Term Loan due 2031,"Weighted average interest rate on the Term Loan due 2031, before considering associated hedges",7.3,pct,0,1,30,narrative
business_100,4064735,23,https://web.quartr.com/companies/21558?companyId=21558&documentId=4064735&documentType=report&eventId=554427&navigation=external&utm_medium=referral&utm_source=mcp&rp=23,note_debt,FY2026,2026-03-31,instant,e) Term Loan due 2031,First Lien Net Leverage Ratio threshold above which an ECF prepayment is required,4.5,count,0,0,31,narrative; 'greater than 4.50 to 1.00'
business_100,4064735,23,https://web.quartr.com/companies/21558?companyId=21558&documentId=4064735&documentType=report&eventId=554427&navigation=external&utm_medium=referral&utm_source=mcp&rp=23,note_debt,FY2026,2026-03-31,instant,e) Term Loan due 2031,"Excess cash flow prepayment percentage above the threshold (post October 29, 2025 amendment)",50.0,pct,0,0,32,narrative; previously 75.0%; steps down to 25.0% and 0.0% at 4.50 and 4.00 to 1.00
business_100,4064735,23,https://web.quartr.com/companies/21558?companyId=21558&documentId=4064735&documentType=report&eventId=554427&navigation=external&utm_medium=referral&utm_source=mcp&rp=23,note_debt,FY2026,2026-03-31,instant,e) Term Loan due 2031,Excess cash flow dollar threshold,63.1,usd_millions,0,0,33,narrative; greater of $63.1 million or 25.0% of Consolidated EBITDA
business_100,4064735,23,https://web.quartr.com/companies/21558?companyId=21558&documentId=4064735&documentType=report&eventId=554427&navigation=external&utm_medium=referral&utm_source=mcp&rp=23,note_debt,FY2026,2026-03-31,instant,e) Term Loan due 2031,Excess cash flow threshold as a percentage of Consolidated EBITDA,25.0,pct,0,0,34,narrative
business_100,4064735,23,https://web.quartr.com/companies/21558?companyId=21558&documentId=4064735&documentType=report&eventId=554427&navigation=external&utm_medium=referral&utm_source=mcp&rp=23,note_debt,FY2026,2026-03-31,instant,e) Term Loan due 2031,Excess cash flow payments required,0.0,usd_millions,0,0,35,narrative; printed as 'no excess cash flow payments were required'; printed_dash_zero
business_100,4064735,23,https://web.quartr.com/companies/21558?companyId=21558&documentId=4064735&documentType=report&eventId=554427&navigation=external&utm_medium=referral&utm_source=mcp&rp=23,note_debt,FY2026,2026-03-31,instant,e) Term Loan due 2031,Debt Service Coverage Ratio covenant minimum,1.1,count,0,0,36,"narrative; 'at least 1.10 to 1.00', tested quarterly"
business_100,4064735,24,https://web.quartr.com/companies/21558?companyId=21558&documentId=4064735&documentType=report&eventId=554427&navigation=external&utm_medium=referral&utm_source=mcp&rp=24,note_leases,FY2026,2026-03-31,instant,8. Right of Use Assets and Lease Liabilities,"ROU assets within property, plant and equipment",88.5,usd_millions,0,0,1,
business_100,4064735,24,https://web.quartr.com/companies/21558?companyId=21558&documentId=4064735&documentType=report&eventId=554427&navigation=external&utm_medium=referral&utm_source=mcp&rp=24,note_leases,FY2025,2025-03-31,instant,8. Right of Use Assets and Lease Liabilities,"ROU assets within property, plant and equipment",83.9,usd_millions,0,1,2,
business_100,4064735,24,https://web.quartr.com/companies/21558?companyId=21558&documentId=4064735&documentType=report&eventId=554427&navigation=external&utm_medium=referral&utm_source=mcp&rp=24,note_leases,FY2026,2026-03-31,instant,8. Right of Use Assets and Lease Liabilities,Weighted average remaining lease term,27,count,0,0,3,narrative; approximately 27 years; defined lease terms ranged 1 - 77 years
business_100,4064735,24,https://web.quartr.com/companies/21558?companyId=21558&documentId=4064735&documentType=report&eventId=554427&navigation=external&utm_medium=referral&utm_source=mcp&rp=24,note_leases,FY2025,2025-03-31,instant,8. Right of Use Assets and Lease Liabilities,Weighted average remaining lease term,28,count,0,1,4,narrative; approximately 28 years; defined lease terms ranged 2 - 78 years
business_100,4064735,24,https://web.quartr.com/companies/21558?companyId=21558&documentId=4064735&documentType=report&eventId=554427&navigation=external&utm_medium=referral&utm_source=mcp&rp=24,note_leases,FY2026,2026-03-31,instant,8. Right of Use Assets and Lease Liabilities,Weighted average remaining term of subsurface storage leases,24,count,0,0,5,narrative; years; remaining terms 23 - 26 years
business_100,4064735,24,https://web.quartr.com/companies/21558?companyId=21558&documentId=4064735&documentType=report&eventId=554427&navigation=external&utm_medium=referral&utm_source=mcp&rp=24,note_leases,FY2025,2025-03-31,instant,8. Right of Use Assets and Lease Liabilities,Weighted average remaining term of subsurface storage leases,26,count,0,1,6,narrative; years; remaining terms 24 - 30 years
business_100,4064735,24,https://web.quartr.com/companies/21558?companyId=21558&documentId=4064735&documentType=report&eventId=554427&navigation=external&utm_medium=referral&utm_source=mcp&rp=24,note_leases,FY2026,2026-03-31,instant,8. Right of Use Assets and Lease Liabilities,Weighted average incremental borrowing rate applicable to our leases,10,pct,0,0,7,narrative
business_100,4064735,24,https://web.quartr.com/companies/21558?companyId=21558&documentId=4064735&documentType=report&eventId=554427&navigation=external&utm_medium=referral&utm_source=mcp&rp=24,note_leases,FY2025,2025-03-31,instant,8. Right of Use Assets and Lease Liabilities,Weighted average incremental borrowing rate applicable to our leases,10,pct,0,1,8,narrative
business_100,4064735,24,https://web.quartr.com/companies/21558?companyId=21558&documentId=4064735&documentType=report&eventId=554427&navigation=external&utm_medium=referral&utm_source=mcp&rp=24,note_leases,FY2026,2025-04-01,instant,Land and storage formations,"Net carrying amount, April 1, 2025",82.7,usd_millions,1,0,9,block=rou_assets_by_class; col-1 heading not returned by PDF extractor; identified as 'Land and storage formations' by tie-out to Note 5
business_100,4064735,24,https://web.quartr.com/companies/21558?companyId=21558&documentId=4064735&documentType=report&eventId=554427&navigation=external&utm_medium=referral&utm_source=mcp&rp=24,note_leases,FY2026,2025-04-01,instant,Facilities and other,"Net carrying amount, April 1, 2025",1.2,usd_millions,1,0,10,block=rou_assets_by_class
business_100,4064735,24,https://web.quartr.com/companies/21558?companyId=21558&documentId=4064735&documentType=report&eventId=554427&navigation=external&utm_medium=referral&utm_source=mcp&rp=24,note_leases,FY2026,2025-04-01,instant,Total,"Net carrying amount, April 1, 2025",83.9,usd_millions,1,0,11,block=rou_assets_by_class
business_100,4064735,24,https://web.quartr.com/companies/21558?companyId=21558&documentId=4064735&documentType=report&eventId=554427&navigation=external&utm_medium=referral&utm_source=mcp&rp=24,note_leases,FY2026,2026-03-31,FY,Land and storage formations,Lease additions,0.1,usd_millions,0,0,12,block=rou_assets_by_class; col-1 heading not returned by PDF extractor; identified as 'Land and storage formations' by tie-out to Note 5
business_100,4064735,24,https://web.quartr.com/companies/21558?companyId=21558&documentId=4064735&documentType=report&eventId=554427&navigation=external&utm_medium=referral&utm_source=mcp&rp=24,note_leases,FY2026,2026-03-31,FY,Facilities and other,Lease additions,0.0,usd_millions,0,0,13,block=rou_assets_by_class; printed_dash_zero
business_100,4064735,24,https://web.quartr.com/companies/21558?companyId=21558&documentId=4064735&documentType=report&eventId=554427&navigation=external&utm_medium=referral&utm_source=mcp&rp=24,note_leases,FY2026,2026-03-31,FY,Total,Lease additions,0.1,usd_millions,0,0,14,block=rou_assets_by_class
business_100,4064735,24,https://web.quartr.com/companies/21558?companyId=21558&documentId=4064735&documentType=report&eventId=554427&navigation=external&utm_medium=referral&utm_source=mcp&rp=24,note_leases,FY2026,2026-03-31,FY,Land and storage formations,Lease terminations,-0.1,usd_millions,0,0,15,block=rou_assets_by_class; col-1 heading not returned by PDF extractor; identified as 'Land and storage formations' by tie-out to Note 5
business_100,4064735,24,https://web.quartr.com/companies/21558?companyId=21558&documentId=4064735&documentType=report&eventId=554427&navigation=external&utm_medium=referral&utm_source=mcp&rp=24,note_leases,FY2026,2026-03-31,FY,Facilities and other,Lease terminations,0.0,usd_millions,0,0,16,block=rou_assets_by_class; printed_dash_zero
business_100,4064735,24,https://web.quartr.com/companies/21558?companyId=21558&documentId=4064735&documentType=report&eventId=554427&navigation=external&utm_medium=referral&utm_source=mcp&rp=24,note_leases,FY2026,2026-03-31,FY,Total,Lease terminations,-0.1,usd_millions,0,0,17,block=rou_assets_by_class
business_100,4064735,24,https://web.quartr.com/companies/21558?companyId=21558&documentId=4064735&documentType=report&eventId=554427&navigation=external&utm_medium=referral&utm_source=mcp&rp=24,note_leases,FY2026,2026-03-31,FY,Land and storage formations,Depreciation expense,-3.4,usd_millions,0,0,18,block=rou_assets_by_class; col-1 heading not returned by PDF extractor; identified as 'Land and storage formations' by tie-out to Note 5
business_100,4064735,24,https://web.quartr.com/companies/21558?companyId=21558&documentId=4064735&documentType=report&eventId=554427&navigation=external&utm_medium=referral&utm_source=mcp&rp=24,note_leases,FY2026,2026-03-31,FY,Facilities and other,Depreciation expense,-0.5,usd_millions,0,0,19,block=rou_assets_by_class
business_100,4064735,24,https://web.quartr.com/companies/21558?companyId=21558&documentId=4064735&documentType=report&eventId=554427&navigation=external&utm_medium=referral&utm_source=mcp&rp=24,note_leases,FY2026,2026-03-31,FY,Total,Depreciation expense,-3.9,usd_millions,0,0,20,block=rou_assets_by_class
business_100,4064735,24,https://web.quartr.com/companies/21558?companyId=21558&documentId=4064735&documentType=report&eventId=554427&navigation=external&utm_medium=referral&utm_source=mcp&rp=24,note_leases,FY2026,2026-03-31,FY,Land and storage formations,Lease remeasurements and modifications,8.4,usd_millions,0,0,21,block=rou_assets_by_class; col-1 heading not returned by PDF extractor; identified as 'Land and storage formations' by tie-out to Note 5
business_100,4064735,24,https://web.quartr.com/companies/21558?companyId=21558&documentId=4064735&documentType=report&eventId=554427&navigation=external&utm_medium=referral&utm_source=mcp&rp=24,note_leases,FY2026,2026-03-31,FY,Facilities and other,Lease remeasurements and modifications,0.0,usd_millions,0,0,22,block=rou_assets_by_class; printed_dash_zero
business_100,4064735,24,https://web.quartr.com/companies/21558?companyId=21558&documentId=4064735&documentType=report&eventId=554427&navigation=external&utm_medium=referral&utm_source=mcp&rp=24,note_leases,FY2026,2026-03-31,FY,Total,Lease remeasurements and modifications,8.4,usd_millions,0,0,23,block=rou_assets_by_class
business_100,4064735,24,https://web.quartr.com/companies/21558?companyId=21558&documentId=4064735&documentType=report&eventId=554427&navigation=external&utm_medium=referral&utm_source=mcp&rp=24,note_leases,FY2026,2026-03-31,FY,Land and storage formations,Foreign currency translation adjustment,0.1,usd_millions,0,0,24,block=rou_assets_by_class; col-1 heading not returned by PDF extractor; identified as 'Land and storage formations' by tie-out to Note 5
business_100,4064735,24,https://web.quartr.com/companies/21558?companyId=21558&documentId=4064735&documentType=report&eventId=554427&navigation=external&utm_medium=referral&utm_source=mcp&rp=24,note_leases,FY2026,2026-03-31,FY,Facilities and other,Foreign currency translation adjustment,0.0,usd_millions,0,0,25,block=rou_assets_by_class; printed_dash_zero
business_100,4064735,24,https://web.quartr.com/companies/21558?companyId=21558&documentId=4064735&documentType=report&eventId=554427&navigation=external&utm_medium=referral&utm_source=mcp&rp=24,note_leases,FY2026,2026-03-31,FY,Total,Foreign currency translation adjustment,0.1,usd_millions,0,0,26,block=rou_assets_by_class
business_100,4064735,24,https://web.quartr.com/companies/21558?companyId=21558&documentId=4064735&documentType=report&eventId=554427&navigation=external&utm_medium=referral&utm_source=mcp&rp=24,note_leases,FY2026,2026-03-31,instant,Land and storage formations,"Net carrying amount, March 31, 2026",87.8,usd_millions,1,0,27,block=rou_assets_by_class; col-1 heading not returned by PDF extractor; identified as 'Land and storage formations' by tie-out to Note 5
business_100,4064735,24,https://web.quartr.com/companies/21558?companyId=21558&documentId=4064735&documentType=report&eventId=554427&navigation=external&utm_medium=referral&utm_source=mcp&rp=24,note_leases,FY2026,2026-03-31,instant,Facilities and other,"Net carrying amount, March 31, 2026",0.7,usd_millions,1,0,28,block=rou_assets_by_class
business_100,4064735,24,https://web.quartr.com/companies/21558?companyId=21558&documentId=4064735&documentType=report&eventId=554427&navigation=external&utm_medium=referral&utm_source=mcp&rp=24,note_leases,FY2026,2026-03-31,instant,Total,"Net carrying amount, March 31, 2026",88.5,usd_millions,1,0,29,block=rou_assets_by_class
business_100,4064735,24,https://web.quartr.com/companies/21558?companyId=21558&documentId=4064735&documentType=report&eventId=554427&navigation=external&utm_medium=referral&utm_source=mcp&rp=24,note_leases,FY2025,2024-04-01,instant,Land and storage formations,"Net carrying amount, April 1, 2024",85.0,usd_millions,1,1,30,block=rou_assets_by_class; col-1 heading not returned by PDF extractor; identified as 'Land and storage formations' by tie-out to Note 5
business_100,4064735,24,https://web.quartr.com/companies/21558?companyId=21558&documentId=4064735&documentType=report&eventId=554427&navigation=external&utm_medium=referral&utm_source=mcp&rp=24,note_leases,FY2025,2024-04-01,instant,Facilities and other,"Net carrying amount, April 1, 2024",1.7,usd_millions,1,1,31,block=rou_assets_by_class
business_100,4064735,24,https://web.quartr.com/companies/21558?companyId=21558&documentId=4064735&documentType=report&eventId=554427&navigation=external&utm_medium=referral&utm_source=mcp&rp=24,note_leases,FY2025,2024-04-01,instant,Total,"Net carrying amount, April 1, 2024",86.7,usd_millions,1,1,32,block=rou_assets_by_class
business_100,4064735,24,https://web.quartr.com/companies/21558?companyId=21558&documentId=4064735&documentType=report&eventId=554427&navigation=external&utm_medium=referral&utm_source=mcp&rp=24,note_leases,FY2025,2025-03-31,FY,Land and storage formations,Lease additions,1.2,usd_millions,0,1,33,block=rou_assets_by_class; col-1 heading not returned by PDF extractor; identified as 'Land and storage formations' by tie-out to Note 5
business_100,4064735,24,https://web.quartr.com/companies/21558?companyId=21558&documentId=4064735&documentType=report&eventId=554427&navigation=external&utm_medium=referral&utm_source=mcp&rp=24,note_leases,FY2025,2025-03-31,FY,Facilities and other,Lease additions,0.1,usd_millions,0,1,34,block=rou_assets_by_class
business_100,4064735,24,https://web.quartr.com/companies/21558?companyId=21558&documentId=4064735&documentType=report&eventId=554427&navigation=external&utm_medium=referral&utm_source=mcp&rp=24,note_leases,FY2025,2025-03-31,FY,Total,Lease additions,1.3,usd_millions,0,1,35,block=rou_assets_by_class
business_100,4064735,24,https://web.quartr.com/companies/21558?companyId=21558&documentId=4064735&documentType=report&eventId=554427&navigation=external&utm_medium=referral&utm_source=mcp&rp=24,note_leases,FY2025,2025-03-31,FY,Land and storage formations,Depreciation expense,-3.2,usd_millions,0,1,36,block=rou_assets_by_class; col-1 heading not returned by PDF extractor; identified as 'Land and storage formations' by tie-out to Note 5
business_100,4064735,24,https://web.quartr.com/companies/21558?companyId=21558&documentId=4064735&documentType=report&eventId=554427&navigation=external&utm_medium=referral&utm_source=mcp&rp=24,note_leases,FY2025,2025-03-31,FY,Facilities and other,Depreciation expense,-0.5,usd_millions,0,1,37,block=rou_assets_by_class
business_100,4064735,24,https://web.quartr.com/companies/21558?companyId=21558&documentId=4064735&documentType=report&eventId=554427&navigation=external&utm_medium=referral&utm_source=mcp&rp=24,note_leases,FY2025,2025-03-31,FY,Total,Depreciation expense,-3.7,usd_millions,0,1,38,block=rou_assets_by_class
business_100,4064735,24,https://web.quartr.com/companies/21558?companyId=21558&documentId=4064735&documentType=report&eventId=554427&navigation=external&utm_medium=referral&utm_source=mcp&rp=24,note_leases,FY2025,2025-03-31,FY,Land and storage formations,Lease remeasurements and modifications,0.0,usd_millions,0,1,39,block=rou_assets_by_class; col-1 heading not returned by PDF extractor; identified as 'Land and storage formations' by tie-out to Note 5; printed_dash_zero
business_100,4064735,24,https://web.quartr.com/companies/21558?companyId=21558&documentId=4064735&documentType=report&eventId=554427&navigation=external&utm_medium=referral&utm_source=mcp&rp=24,note_leases,FY2025,2025-03-31,FY,Facilities and other,Lease remeasurements and modifications,-0.1,usd_millions,0,1,40,block=rou_assets_by_class
business_100,4064735,24,https://web.quartr.com/companies/21558?companyId=21558&documentId=4064735&documentType=report&eventId=554427&navigation=external&utm_medium=referral&utm_source=mcp&rp=24,note_leases,FY2025,2025-03-31,FY,Total,Lease remeasurements and modifications,-0.1,usd_millions,0,1,41,block=rou_assets_by_class
business_100,4064735,24,https://web.quartr.com/companies/21558?companyId=21558&documentId=4064735&documentType=report&eventId=554427&navigation=external&utm_medium=referral&utm_source=mcp&rp=24,note_leases,FY2025,2025-03-31,FY,Land and storage formations,Foreign currency translation adjustment,-0.3,usd_millions,0,1,42,block=rou_assets_by_class; col-1 heading not returned by PDF extractor; identified as 'Land and storage formations' by tie-out to Note 5
business_100,4064735,24,https://web.quartr.com/companies/21558?companyId=21558&documentId=4064735&documentType=report&eventId=554427&navigation=external&utm_medium=referral&utm_source=mcp&rp=24,note_leases,FY2025,2025-03-31,FY,Facilities and other,Foreign currency translation adjustment,0.0,usd_millions,0,1,43,block=rou_assets_by_class; printed_dash_zero
business_100,4064735,24,https://web.quartr.com/companies/21558?companyId=21558&documentId=4064735&documentType=report&eventId=554427&navigation=external&utm_medium=referral&utm_source=mcp&rp=24,note_leases,FY2025,2025-03-31,FY,Total,Foreign currency translation adjustment,-0.3,usd_millions,0,1,44,block=rou_assets_by_class
business_100,4064735,24,https://web.quartr.com/companies/21558?companyId=21558&documentId=4064735&documentType=report&eventId=554427&navigation=external&utm_medium=referral&utm_source=mcp&rp=24,note_leases,FY2025,2025-03-31,instant,Land and storage formations,"Net carrying amount, March 31, 2025",82.7,usd_millions,1,1,45,block=rou_assets_by_class; col-1 heading not returned by PDF extractor; identified as 'Land and storage formations' by tie-out to Note 5
business_100,4064735,24,https://web.quartr.com/companies/21558?companyId=21558&documentId=4064735&documentType=report&eventId=554427&navigation=external&utm_medium=referral&utm_source=mcp&rp=24,note_leases,FY2025,2025-03-31,instant,Facilities and other,"Net carrying amount, March 31, 2025",1.2,usd_millions,1,1,46,block=rou_assets_by_class
business_100,4064735,24,https://web.quartr.com/companies/21558?companyId=21558&documentId=4064735&documentType=report&eventId=554427&navigation=external&utm_medium=referral&utm_source=mcp&rp=24,note_leases,FY2025,2025-03-31,instant,Total,"Net carrying amount, March 31, 2025",83.9,usd_millions,1,1,47,block=rou_assets_by_class
business_100,4064735,25,https://web.quartr.com/companies/21558?companyId=21558&documentId=4064735&documentType=report&eventId=554427&navigation=external&utm_medium=referral&utm_source=mcp&rp=25,note_leases,FY2026,2025-04-01,instant,The Business' lease liabilities consist of the following:,Opening lease liabilities,108.8,usd_millions,0,0,48,
business_100,4064735,25,https://web.quartr.com/companies/21558?companyId=21558&documentId=4064735&documentType=report&eventId=554427&navigation=external&utm_medium=referral&utm_source=mcp&rp=25,note_leases,FY2025,2024-04-01,instant,The Business' lease liabilities consist of the following:,Opening lease liabilities,106.8,usd_millions,0,1,49,
business_100,4064735,25,https://web.quartr.com/companies/21558?companyId=21558&documentId=4064735&documentType=report&eventId=554427&navigation=external&utm_medium=referral&utm_source=mcp&rp=25,note_leases,FY2026,2026-03-31,FY,The Business' lease liabilities consist of the following:,Lease interest expense,10.0,usd_millions,0,0,50,
business_100,4064735,25,https://web.quartr.com/companies/21558?companyId=21558&documentId=4064735&documentType=report&eventId=554427&navigation=external&utm_medium=referral&utm_source=mcp&rp=25,note_leases,FY2025,2025-03-31,FY,The Business' lease liabilities consist of the following:,Lease interest expense,10.6,usd_millions,0,1,51,
business_100,4064735,25,https://web.quartr.com/companies/21558?companyId=21558&documentId=4064735&documentType=report&eventId=554427&navigation=external&utm_medium=referral&utm_source=mcp&rp=25,note_leases,FY2026,2026-03-31,FY,The Business' lease liabilities consist of the following:,Principal repayments,-17.7,usd_millions,0,0,52,
business_100,4064735,25,https://web.quartr.com/companies/21558?companyId=21558&documentId=4064735&documentType=report&eventId=554427&navigation=external&utm_medium=referral&utm_source=mcp&rp=25,note_leases,FY2025,2025-03-31,FY,The Business' lease liabilities consist of the following:,Principal repayments,-0.8,usd_millions,0,1,53,
business_100,4064735,25,https://web.quartr.com/companies/21558?companyId=21558&documentId=4064735&documentType=report&eventId=554427&navigation=external&utm_medium=referral&utm_source=mcp&rp=25,note_leases,FY2026,2026-03-31,FY,The Business' lease liabilities consist of the following:,Interest payments,-10.2,usd_millions,0,0,54,
business_100,4064735,25,https://web.quartr.com/companies/21558?companyId=21558&documentId=4064735&documentType=report&eventId=554427&navigation=external&utm_medium=referral&utm_source=mcp&rp=25,note_leases,FY2025,2025-03-31,FY,The Business' lease liabilities consist of the following:,Interest payments,-8.5,usd_millions,0,1,55,
business_100,4064735,25,https://web.quartr.com/companies/21558?companyId=21558&documentId=4064735&documentType=report&eventId=554427&navigation=external&utm_medium=referral&utm_source=mcp&rp=25,note_leases,FY2026,2026-03-31,FY,The Business' lease liabilities consist of the following:,Foreign exchange and other,0.1,usd_millions,0,0,56,
business_100,4064735,25,https://web.quartr.com/companies/21558?companyId=21558&documentId=4064735&documentType=report&eventId=554427&navigation=external&utm_medium=referral&utm_source=mcp&rp=25,note_leases,FY2025,2025-03-31,FY,The Business' lease liabilities consist of the following:,Foreign exchange and other,-0.1,usd_millions,0,1,57,
business_100,4064735,25,https://web.quartr.com/companies/21558?companyId=21558&documentId=4064735&documentType=report&eventId=554427&navigation=external&utm_medium=referral&utm_source=mcp&rp=25,note_leases,FY2026,2026-03-31,FY,The Business' lease liabilities consist of the following:,"Lease additions, remeasurements and modifications",8.5,usd_millions,0,0,58,
business_100,4064735,25,https://web.quartr.com/companies/21558?companyId=21558&documentId=4064735&documentType=report&eventId=554427&navigation=external&utm_medium=referral&utm_source=mcp&rp=25,note_leases,FY2025,2025-03-31,FY,The Business' lease liabilities consist of the following:,"Lease additions, remeasurements and modifications",0.8,usd_millions,0,1,59,
business_100,4064735,25,https://web.quartr.com/companies/21558?companyId=21558&documentId=4064735&documentType=report&eventId=554427&navigation=external&utm_medium=referral&utm_source=mcp&rp=25,note_leases,FY2026,2026-03-31,instant,The Business' lease liabilities consist of the following:,Total lease liabilities,99.5,usd_millions,1,0,60,
business_100,4064735,25,https://web.quartr.com/companies/21558?companyId=21558&documentId=4064735&documentType=report&eventId=554427&navigation=external&utm_medium=referral&utm_source=mcp&rp=25,note_leases,FY2025,2025-03-31,instant,The Business' lease liabilities consist of the following:,Total lease liabilities,108.8,usd_millions,1,1,61,
business_100,4064735,25,https://web.quartr.com/companies/21558?companyId=21558&documentId=4064735&documentType=report&eventId=554427&navigation=external&utm_medium=referral&utm_source=mcp&rp=25,note_leases,FY2026,2026-03-31,instant,The Business' lease liabilities consist of the following:,Portion classified as current,-8.6,usd_millions,0,0,62,under 'Less:'
business_100,4064735,25,https://web.quartr.com/companies/21558?companyId=21558&documentId=4064735&documentType=report&eventId=554427&navigation=external&utm_medium=referral&utm_source=mcp&rp=25,note_leases,FY2025,2025-03-31,instant,The Business' lease liabilities consist of the following:,Portion classified as current,-9.1,usd_millions,0,1,63,under 'Less:'
business_100,4064735,25,https://web.quartr.com/companies/21558?companyId=21558&documentId=4064735&documentType=report&eventId=554427&navigation=external&utm_medium=referral&utm_source=mcp&rp=25,note_leases,FY2026,2026-03-31,instant,The Business' lease liabilities consist of the following:,Long-term lease liabilities,90.9,usd_millions,1,0,64,
business_100,4064735,25,https://web.quartr.com/companies/21558?companyId=21558&documentId=4064735&documentType=report&eventId=554427&navigation=external&utm_medium=referral&utm_source=mcp&rp=25,note_leases,FY2025,2025-03-31,instant,The Business' lease liabilities consist of the following:,Long-term lease liabilities,99.7,usd_millions,1,1,65,
business_100,4064735,25,https://web.quartr.com/companies/21558?companyId=21558&documentId=4064735&documentType=report&eventId=554427&navigation=external&utm_medium=referral&utm_source=mcp&rp=25,note_leases,FY2026,2026-03-31,FY,The Business' lease liabilities consist of the following:,"Lease expenses recognized as related to variable leases, included in operating expenses",7.7,usd_millions,0,0,66,narrative
business_100,4064735,25,https://web.quartr.com/companies/21558?companyId=21558&documentId=4064735&documentType=report&eventId=554427&navigation=external&utm_medium=referral&utm_source=mcp&rp=25,note_leases,FY2025,2025-03-31,FY,The Business' lease liabilities consist of the following:,"Lease expenses recognized as related to variable leases, included in operating expenses",6.5,usd_millions,0,1,67,narrative
business_100,4064735,25,https://web.quartr.com/companies/21558?companyId=21558&documentId=4064735&documentType=report&eventId=554427&navigation=external&utm_medium=referral&utm_source=mcp&rp=25,note_leases,FY2026,2026-03-31,instant,The undiscounted estimated future cash outflows in each fiscal year relating to lease liabilities are as follows:,2027,8.9,usd_millions,0,0,68,column heading: 'Lease Payments'; undiscounted
business_100,4064735,25,https://web.quartr.com/companies/21558?companyId=21558&documentId=4064735&documentType=report&eventId=554427&navigation=external&utm_medium=referral&utm_source=mcp&rp=25,note_leases,FY2026,2026-03-31,instant,The undiscounted estimated future cash outflows in each fiscal year relating to lease liabilities are as follows:,2028,8.6,usd_millions,0,0,69,column heading: 'Lease Payments'; undiscounted
business_100,4064735,25,https://web.quartr.com/companies/21558?companyId=21558&documentId=4064735&documentType=report&eventId=554427&navigation=external&utm_medium=referral&utm_source=mcp&rp=25,note_leases,FY2026,2026-03-31,instant,The undiscounted estimated future cash outflows in each fiscal year relating to lease liabilities are as follows:,2029,8.7,usd_millions,0,0,70,column heading: 'Lease Payments'; undiscounted
business_100,4064735,25,https://web.quartr.com/companies/21558?companyId=21558&documentId=4064735&documentType=report&eventId=554427&navigation=external&utm_medium=referral&utm_source=mcp&rp=25,note_leases,FY2026,2026-03-31,instant,The undiscounted estimated future cash outflows in each fiscal year relating to lease liabilities are as follows:,2030,9.0,usd_millions,0,0,71,column heading: 'Lease Payments'; undiscounted
business_100,4064735,25,https://web.quartr.com/companies/21558?companyId=21558&documentId=4064735&documentType=report&eventId=554427&navigation=external&utm_medium=referral&utm_source=mcp&rp=25,note_leases,FY2026,2026-03-31,instant,The undiscounted estimated future cash outflows in each fiscal year relating to lease liabilities are as follows:,2031,9.3,usd_millions,0,0,72,column heading: 'Lease Payments'; undiscounted
business_100,4064735,25,https://web.quartr.com/companies/21558?companyId=21558&documentId=4064735&documentType=report&eventId=554427&navigation=external&utm_medium=referral&utm_source=mcp&rp=25,note_leases,FY2026,2026-03-31,instant,The undiscounted estimated future cash outflows in each fiscal year relating to lease liabilities are as follows:,2032 and thereafter,302.8,usd_millions,0,0,73,column heading: 'Lease Payments'; undiscounted
business_100,4064735,25,https://web.quartr.com/companies/21558?companyId=21558&documentId=4064735&documentType=report&eventId=554427&navigation=external&utm_medium=referral&utm_source=mcp&rp=25,note_leases,FY2026,2026-03-31,instant,The undiscounted estimated future cash outflows in each fiscal year relating to lease liabilities are as follows:,Total,347.3,usd_millions,1,0,74,column heading: 'Lease Payments'; undiscounted
business_100,4064735,25,https://web.quartr.com/companies/21558?companyId=21558&documentId=4064735&documentType=report&eventId=554427&navigation=external&utm_medium=referral&utm_source=mcp&rp=25,note_other,FY2026,2026-03-31,instant,9. Trade Payables and Accrued Liabilities,Trade payables,1.4,usd_millions,0,0,75,
business_100,4064735,25,https://web.quartr.com/companies/21558?companyId=21558&documentId=4064735&documentType=report&eventId=554427&navigation=external&utm_medium=referral&utm_source=mcp&rp=25,note_other,FY2025,2025-03-31,instant,9. Trade Payables and Accrued Liabilities,Trade payables,2.7,usd_millions,0,1,76,
business_100,4064735,25,https://web.quartr.com/companies/21558?companyId=21558&documentId=4064735&documentType=report&eventId=554427&navigation=external&utm_medium=referral&utm_source=mcp&rp=25,note_other,FY2026,2026-03-31,instant,9. Trade Payables and Accrued Liabilities,Accrued gas purchases,20.6,usd_millions,0,0,77,
business_100,4064735,25,https://web.quartr.com/companies/21558?companyId=21558&documentId=4064735&documentType=report&eventId=554427&navigation=external&utm_medium=referral&utm_source=mcp&rp=25,note_other,FY2025,2025-03-31,instant,9. Trade Payables and Accrued Liabilities,Accrued gas purchases,27.7,usd_millions,0,1,78,
business_100,4064735,25,https://web.quartr.com/companies/21558?companyId=21558&documentId=4064735&documentType=report&eventId=554427&navigation=external&utm_medium=referral&utm_source=mcp&rp=25,note_other,FY2026,2026-03-31,instant,9. Trade Payables and Accrued Liabilities,Accrued interest,1.0,usd_millions,0,0,79,
business_100,4064735,25,https://web.quartr.com/companies/21558?companyId=21558&documentId=4064735&documentType=report&eventId=554427&navigation=external&utm_medium=referral&utm_source=mcp&rp=25,note_other,FY2025,2025-03-31,instant,9. Trade Payables and Accrued Liabilities,Accrued interest,1.0,usd_millions,0,1,80,
business_100,4064735,25,https://web.quartr.com/companies/21558?companyId=21558&documentId=4064735&documentType=report&eventId=554427&navigation=external&utm_medium=referral&utm_source=mcp&rp=25,note_other,FY2026,2026-03-31,instant,9. Trade Payables and Accrued Liabilities,Employee-related accruals,7.6,usd_millions,0,0,81,
business_100,4064735,25,https://web.quartr.com/companies/21558?companyId=21558&documentId=4064735&documentType=report&eventId=554427&navigation=external&utm_medium=referral&utm_source=mcp&rp=25,note_other,FY2025,2025-03-31,instant,9. Trade Payables and Accrued Liabilities,Employee-related accruals,10.3,usd_millions,0,1,82,
business_100,4064735,25,https://web.quartr.com/companies/21558?companyId=21558&documentId=4064735&documentType=report&eventId=554427&navigation=external&utm_medium=referral&utm_source=mcp&rp=25,note_other,FY2026,2026-03-31,instant,9. Trade Payables and Accrued Liabilities,Current income taxes payable,5.4,usd_millions,0,0,83,
business_100,4064735,25,https://web.quartr.com/companies/21558?companyId=21558&documentId=4064735&documentType=report&eventId=554427&navigation=external&utm_medium=referral&utm_source=mcp&rp=25,note_other,FY2025,2025-03-31,instant,9. Trade Payables and Accrued Liabilities,Current income taxes payable,0.0,usd_millions,0,1,84,printed_dash_zero
business_100,4064735,25,https://web.quartr.com/companies/21558?companyId=21558&documentId=4064735&documentType=report&eventId=554427&navigation=external&utm_medium=referral&utm_source=mcp&rp=25,note_other,FY2026,2026-03-31,instant,9. Trade Payables and Accrued Liabilities,"Other accrued liabilities, affiliated",0.2,usd_millions,0,0,85,
business_100,4064735,25,https://web.quartr.com/companies/21558?companyId=21558&documentId=4064735&documentType=report&eventId=554427&navigation=external&utm_medium=referral&utm_source=mcp&rp=25,note_other,FY2025,2025-03-31,instant,9. Trade Payables and Accrued Liabilities,"Other accrued liabilities, affiliated",0.3,usd_millions,0,1,86,
business_100,4064735,25,https://web.quartr.com/companies/21558?companyId=21558&documentId=4064735&documentType=report&eventId=554427&navigation=external&utm_medium=referral&utm_source=mcp&rp=25,note_other,FY2026,2026-03-31,instant,9. Trade Payables and Accrued Liabilities,"Other accrued liabilities, non-affiliated",9.4,usd_millions,0,0,87,
business_100,4064735,25,https://web.quartr.com/companies/21558?companyId=21558&documentId=4064735&documentType=report&eventId=554427&navigation=external&utm_medium=referral&utm_source=mcp&rp=25,note_other,FY2025,2025-03-31,instant,9. Trade Payables and Accrued Liabilities,"Other accrued liabilities, non-affiliated",17.5,usd_millions,0,1,88,
business_100,4064735,25,https://web.quartr.com/companies/21558?companyId=21558&documentId=4064735&documentType=report&eventId=554427&navigation=external&utm_medium=referral&utm_source=mcp&rp=25,note_other,FY2026,2026-03-31,instant,9. Trade Payables and Accrued Liabilities,Total,45.6,usd_millions,1,0,89,
business_100,4064735,25,https://web.quartr.com/companies/21558?companyId=21558&documentId=4064735&documentType=report&eventId=554427&navigation=external&utm_medium=referral&utm_source=mcp&rp=25,note_other,FY2025,2025-03-31,instant,9. Trade Payables and Accrued Liabilities,Total,59.5,usd_millions,1,1,90,
