basis,source_doc,source_page,source_url,statement,period_label,period_end,period_type,section,line_item,value,unit,is_subtotal,is_comparative,order_index,note
business_100,3724816,11,https://web.quartr.com/companies/21558?companyId=21558&documentId=3724816&documentType=report&eventId=554427&navigation=external&utm_medium=referral&utm_source=mcp&rp=11,kpi,FY2026,2026-03-31,instant,Description of the Business,portfolio of six natural gas storage facilities located in California and Alberta,6,count,0,0,1,"six physical facilities = Wild Goose, Lodi, Kirby Hills, Suffield, Countess, Warwick; presented commercially as four complexes"
business_100,3724816,11,https://web.quartr.com/companies/21558?companyId=21558&documentId=3724816&documentType=report&eventId=554427&navigation=external&utm_medium=referral&utm_source=mcp&rp=11,kpi,FY2026,2026-03-31,instant,Description of the Business,total effective working gas storage capacity of approximately 279.2 Bcf,279.2,bcf,1,0,2,equals 75.0+28.7+154.0+21.5; ties exactly
business_100,3724816,11,https://web.quartr.com/companies/21558?companyId=21558&documentId=3724816&documentType=report&eventId=554427&navigation=external&utm_medium=referral&utm_source=mcp&rp=11,kpi,FY2026,2026-03-31,instant,California Operations and Facilities,Wild Goose Facility - effective working gas storage capacity,75.0,bcf,0,0,3,
business_100,3724816,11,https://web.quartr.com/companies/21558?companyId=21558&documentId=3724816&documentType=report&eventId=554427&navigation=external&utm_medium=referral&utm_source=mcp&rp=11,kpi,FY2026,2026-03-31,instant,California Operations and Facilities,Lodi Storage Facility - combined effective working gas storage capacity,28.7,bcf,0,0,4,Lodi Facility + Kirby Hills Facility combined; AIF gives no separate split
business_100,3724816,11,https://web.quartr.com/companies/21558?companyId=21558&documentId=3724816&documentType=report&eventId=554427&navigation=external&utm_medium=referral&utm_source=mcp&rp=11,kpi,FY2026,2026-03-31,instant,California Operations and Facilities,"Wild Goose Facility - distance north of Sacramento, California",89,count,0,0,5,printed_unit=km
business_100,3724816,11,https://web.quartr.com/companies/21558?companyId=21558&documentId=3724816&documentType=report&eventId=554427&navigation=external&utm_medium=referral&utm_source=mcp&rp=11,kpi,FY2026,2026-03-31,instant,California Operations and Facilities,"Lodi Facility - distance north of Lodi, California",8,count,0,0,6,printed_unit=km
business_100,3724816,11,https://web.quartr.com/companies/21558?companyId=21558&documentId=3724816&documentType=report&eventId=554427&navigation=external&utm_medium=referral&utm_source=mcp&rp=11,kpi,FY2026,2026-03-31,instant,California Operations and Facilities,"Kirby Hills Facility - distance west of Lodi, California",72,count,0,0,7,printed_unit=km
business_100,3724816,12,https://web.quartr.com/companies/21558?companyId=21558&documentId=3724816&documentType=report&eventId=554427&navigation=external&utm_medium=referral&utm_source=mcp&rp=12,kpi,FY2026,2026-03-31,instant,Wild Goose Facility,Ownership Interest,100,pct,0,0,8,
business_100,3724816,12,https://web.quartr.com/companies/21558?companyId=21558&documentId=3724816&documentType=report&eventId=554427&navigation=external&utm_medium=referral&utm_source=mcp&rp=12,kpi,FY2026,2026-03-31,instant,Wild Goose Facility,Start of Operations,1999,count,0,0,9,printed_unit=year
business_100,3724816,12,https://web.quartr.com/companies/21558?companyId=21558&documentId=3724816&documentType=report&eventId=554427&navigation=external&utm_medium=referral&utm_source=mcp&rp=12,kpi,FY2026,2026-03-31,instant,Wild Goose Facility,# of Injection / Withdrawal Wells,21,count,0,0,10,
business_100,3724816,12,https://web.quartr.com/companies/21558?companyId=21558&documentId=3724816&documentType=report&eventId=554427&navigation=external&utm_medium=referral&utm_source=mcp&rp=12,kpi,FY2026,2026-03-31,instant,Wild Goose Facility,Effective Working Gas Capacity,75.0,bcf,0,0,11,
business_100,3724816,12,https://web.quartr.com/companies/21558?companyId=21558&documentId=3724816&documentType=report&eventId=554427&navigation=external&utm_medium=referral&utm_source=mcp&rp=12,kpi,FY2026,2026-03-31,instant,Wild Goose Facility,Max Injection,650,count,0,0,12,printed_unit=MMcf/d
business_100,3724816,12,https://web.quartr.com/companies/21558?companyId=21558&documentId=3724816&documentType=report&eventId=554427&navigation=external&utm_medium=referral&utm_source=mcp&rp=12,kpi,FY2026,2026-03-31,instant,Wild Goose Facility,Max Withdrawal,950,count,0,0,13,printed_unit=MMcf/d
business_100,3724816,12,https://web.quartr.com/companies/21558?companyId=21558&documentId=3724816&documentType=report&eventId=554427&navigation=external&utm_medium=referral&utm_source=mcp&rp=12,kpi,FY2026,2026-03-31,instant,Wild Goose Facility,# of Interconnects,2,count,0,0,14,
business_100,3724816,12,https://web.quartr.com/companies/21558?companyId=21558&documentId=3724816&documentType=report&eventId=554427&navigation=external&utm_medium=referral&utm_source=mcp&rp=12,kpi,FY2026,2026-03-31,instant,Wild Goose Facility,Owned Pipeline,55,count,0,0,15,printed_unit=km
business_100,3724816,12,https://web.quartr.com/companies/21558?companyId=21558&documentId=3724816&documentType=report&eventId=554427&navigation=external&utm_medium=referral&utm_source=mcp&rp=12,kpi,FY2026,2026-03-31,instant,Wild Goose Facility,active depleted natural gas reservoirs,3,count,0,0,16,"from narrative text, not the facility table"
business_100,3724816,12,https://web.quartr.com/companies/21558?companyId=21558&documentId=3724816&documentType=report&eventId=554427&navigation=external&utm_medium=referral&utm_source=mcp&rp=12,kpi,FY2026,2026-03-31,instant,Wild Goose Facility,gas generated compression,27970,count,0,0,17,printed_unit=horsepower; from narrative text
business_100,3724816,13,https://web.quartr.com/companies/21558?companyId=21558&documentId=3724816&documentType=report&eventId=554427&navigation=external&utm_medium=referral&utm_source=mcp&rp=13,kpi,FY2026,2026-03-31,instant,Lodi Storage Facility,Ownership Interest,100,pct,0,0,18,
business_100,3724816,13,https://web.quartr.com/companies/21558?companyId=21558&documentId=3724816&documentType=report&eventId=554427&navigation=external&utm_medium=referral&utm_source=mcp&rp=13,kpi,FY2026,2026-03-31,instant,Lodi Storage Facility,Start of Operations,2002,count,0,0,19,printed_unit=year
business_100,3724816,13,https://web.quartr.com/companies/21558?companyId=21558&documentId=3724816&documentType=report&eventId=554427&navigation=external&utm_medium=referral&utm_source=mcp&rp=13,kpi,FY2026,2026-03-31,instant,Lodi Storage Facility,# of Injection / Withdrawal Wells,34,count,0,0,20,
business_100,3724816,13,https://web.quartr.com/companies/21558?companyId=21558&documentId=3724816&documentType=report&eventId=554427&navigation=external&utm_medium=referral&utm_source=mcp&rp=13,kpi,FY2026,2026-03-31,instant,Lodi Storage Facility,Effective Working Gas Capacity,28.7,bcf,0,0,21,
business_100,3724816,13,https://web.quartr.com/companies/21558?companyId=21558&documentId=3724816&documentType=report&eventId=554427&navigation=external&utm_medium=referral&utm_source=mcp&rp=13,kpi,FY2026,2026-03-31,instant,Lodi Storage Facility,Max Injection,550,count,0,0,22,printed_unit=MMcf/d
business_100,3724816,13,https://web.quartr.com/companies/21558?companyId=21558&documentId=3724816&documentType=report&eventId=554427&navigation=external&utm_medium=referral&utm_source=mcp&rp=13,kpi,FY2026,2026-03-31,instant,Lodi Storage Facility,Max Withdrawal,750,count,0,0,23,printed_unit=MMcf/d
business_100,3724816,13,https://web.quartr.com/companies/21558?companyId=21558&documentId=3724816&documentType=report&eventId=554427&navigation=external&utm_medium=referral&utm_source=mcp&rp=13,kpi,FY2026,2026-03-31,instant,Lodi Storage Facility,# of Interconnects,3,count,0,0,24,
business_100,3724816,13,https://web.quartr.com/companies/21558?companyId=21558&documentId=3724816&documentType=report&eventId=554427&navigation=external&utm_medium=referral&utm_source=mcp&rp=13,kpi,FY2026,2026-03-31,instant,Lodi Storage Facility,Owned Pipeline,72,count,0,0,25,printed_unit=km
business_100,3724816,13,https://web.quartr.com/companies/21558?companyId=21558&documentId=3724816&documentType=report&eventId=554427&navigation=external&utm_medium=referral&utm_source=mcp&rp=13,kpi,FY2026,2026-03-31,instant,Lodi Storage Facility,depleted natural gas reservoirs,4,count,0,0,26,"from narrative text, not the facility table"
business_100,3724816,13,https://web.quartr.com/companies/21558?companyId=21558&documentId=3724816&documentType=report&eventId=554427&navigation=external&utm_medium=referral&utm_source=mcp&rp=13,kpi,FY2026,2026-03-31,instant,Lodi Storage Facility,gas generated compression at the Lodi Facility,26600,count,0,0,27,printed_unit=horsepower
business_100,3724816,13,https://web.quartr.com/companies/21558?companyId=21558&documentId=3724816&documentType=report&eventId=554427&navigation=external&utm_medium=referral&utm_source=mcp&rp=13,kpi,FY2026,2026-03-31,instant,Lodi Storage Facility,gas generated compression at the Kirby Hills Facility,27970,count,0,0,28,"printed_unit=horsepower; identical figure to Wild Goose compression - possible filing typo, recorded verbatim"
business_100,3724816,13,https://web.quartr.com/companies/21558?companyId=21558&documentId=3724816&documentType=report&eventId=554427&navigation=external&utm_medium=referral&utm_source=mcp&rp=13,kpi,FY2026,2026-03-31,instant,Lodi Storage Facility,Lodi Facility pipeline to PG&E interconnection north of Antioch,50,count,0,0,29,printed_unit=km
business_100,3724816,13,https://web.quartr.com/companies/21558?companyId=21558&documentId=3724816&documentType=report&eventId=554427&navigation=external&utm_medium=referral&utm_source=mcp&rp=13,kpi,FY2026,2026-03-31,instant,Lodi Storage Facility,Kirby Hills Facility pipeline to two interconnections west of Rio Vista,10,count,0,0,30,"printed_unit=km; 50 + 10 = 60 km, does not reconcile to the 72 km Owned Pipeline in the facility table"
business_100,3724816,14,https://web.quartr.com/companies/21558?companyId=21558&documentId=3724816&documentType=report&eventId=554427&navigation=external&utm_medium=referral&utm_source=mcp&rp=14,kpi,FY2026,2026-03-31,instant,Alberta Operations and Facilities,AECO Hub - combined effective working gas storage capacity,154.0,bcf,0,0,31,Suffield Facility + Countess Facility combined; AIF gives no separate split
business_100,3724816,14,https://web.quartr.com/companies/21558?companyId=21558&documentId=3724816&documentType=report&eventId=554427&navigation=external&utm_medium=referral&utm_source=mcp&rp=14,kpi,FY2026,2026-03-31,instant,Alberta Operations and Facilities,Warwick Facility - effective working gas storage capacity,21.5,bcf,0,0,32,
business_100,3724816,14,https://web.quartr.com/companies/21558?companyId=21558&documentId=3724816&documentType=report&eventId=554427&navigation=external&utm_medium=referral&utm_source=mcp&rp=14,kpi,FY2026,2026-03-31,instant,Alberta Operations and Facilities,"Suffield Facility - distance northwest of Medicine Hat, Alberta",48,count,0,0,33,printed_unit=km
business_100,3724816,14,https://web.quartr.com/companies/21558?companyId=21558&documentId=3724816&documentType=report&eventId=554427&navigation=external&utm_medium=referral&utm_source=mcp&rp=14,kpi,FY2026,2026-03-31,instant,Alberta Operations and Facilities,"Countess Facility - distance east of Calgary, Alberta",97,count,0,0,34,printed_unit=km
business_100,3724816,14,https://web.quartr.com/companies/21558?companyId=21558&documentId=3724816&documentType=report&eventId=554427&navigation=external&utm_medium=referral&utm_source=mcp&rp=14,kpi,FY2026,2026-03-31,instant,Alberta Operations and Facilities,"Warwick Facility - distance east of Edmonton, Alberta",113,count,0,0,35,printed_unit=km
business_100,3724816,15,https://web.quartr.com/companies/21558?companyId=21558&documentId=3724816&documentType=report&eventId=554427&navigation=external&utm_medium=referral&utm_source=mcp&rp=15,kpi,FY2026,2026-03-31,instant,AECO Hub,Ownership Interest,100,pct,0,0,36,
business_100,3724816,15,https://web.quartr.com/companies/21558?companyId=21558&documentId=3724816&documentType=report&eventId=554427&navigation=external&utm_medium=referral&utm_source=mcp&rp=15,kpi,FY2026,2026-03-31,instant,AECO Hub,Start of Operations,1988,count,0,0,37,printed_unit=year
business_100,3724816,15,https://web.quartr.com/companies/21558?companyId=21558&documentId=3724816&documentType=report&eventId=554427&navigation=external&utm_medium=referral&utm_source=mcp&rp=15,kpi,FY2026,2026-03-31,instant,AECO Hub,# of Injection / Withdrawal Wells,85,count,0,0,38,58 Suffield + 27 Countess = 85; ties
business_100,3724816,15,https://web.quartr.com/companies/21558?companyId=21558&documentId=3724816&documentType=report&eventId=554427&navigation=external&utm_medium=referral&utm_source=mcp&rp=15,kpi,FY2026,2026-03-31,instant,AECO Hub,Effective Working Gas Capacity,154.0,bcf,0,0,39,
business_100,3724816,15,https://web.quartr.com/companies/21558?companyId=21558&documentId=3724816&documentType=report&eventId=554427&navigation=external&utm_medium=referral&utm_source=mcp&rp=15,kpi,FY2026,2026-03-31,instant,AECO Hub,Max Injection,2750,count,0,0,40,printed_unit=MMcf/d
business_100,3724816,15,https://web.quartr.com/companies/21558?companyId=21558&documentId=3724816&documentType=report&eventId=554427&navigation=external&utm_medium=referral&utm_source=mcp&rp=15,kpi,FY2026,2026-03-31,instant,AECO Hub,Max Withdrawal,3050,count,0,0,41,printed_unit=MMcf/d
business_100,3724816,15,https://web.quartr.com/companies/21558?companyId=21558&documentId=3724816&documentType=report&eventId=554427&navigation=external&utm_medium=referral&utm_source=mcp&rp=15,kpi,FY2026,2026-03-31,instant,AECO Hub,# of Interconnects,2,count,0,0,42,
business_100,3724816,15,https://web.quartr.com/companies/21558?companyId=21558&documentId=3724816&documentType=report&eventId=554427&navigation=external&utm_medium=referral&utm_source=mcp&rp=15,kpi,FY2026,2026-03-31,instant,AECO Hub,Owned Pipeline,156,count,0,0,43,printed_unit=km
business_100,3724816,15,https://web.quartr.com/companies/21558?companyId=21558&documentId=3724816&documentType=report&eventId=554427&navigation=external&utm_medium=referral&utm_source=mcp&rp=15,kpi,FY2026,2026-03-31,instant,AECO Hub,distance between the Suffield Facility and the Countess Facility,121,count,0,0,44,printed_unit=km
business_100,3724816,15,https://web.quartr.com/companies/21558?companyId=21558&documentId=3724816&documentType=report&eventId=554427&navigation=external&utm_medium=referral&utm_source=mcp&rp=15,kpi,FY2026,2026-03-31,instant,AECO Hub,Suffield Facility - storage wells,58,count,0,0,45,
business_100,3724816,15,https://web.quartr.com/companies/21558?companyId=21558&documentId=3724816&documentType=report&eventId=554427&navigation=external&utm_medium=referral&utm_source=mcp&rp=15,kpi,FY2026,2026-03-31,instant,AECO Hub,Suffield Facility - storage reservoirs,5,count,0,0,46,
business_100,3724816,15,https://web.quartr.com/companies/21558?companyId=21558&documentId=3724816&documentType=report&eventId=554427&navigation=external&utm_medium=referral&utm_source=mcp&rp=15,kpi,FY2026,2026-03-31,instant,AECO Hub,Suffield Facility - connecting pipelines,5,count,0,0,47,
business_100,3724816,15,https://web.quartr.com/companies/21558?companyId=21558&documentId=3724816&documentType=report&eventId=554427&navigation=external&utm_medium=referral&utm_source=mcp&rp=15,kpi,FY2026,2026-03-31,instant,AECO Hub,Suffield Facility - natural gas generated compression,36150,count,0,0,48,printed_unit=horsepower; printed as approximately
business_100,3724816,15,https://web.quartr.com/companies/21558?companyId=21558&documentId=3724816&documentType=report&eventId=554427&navigation=external&utm_medium=referral&utm_source=mcp&rp=15,kpi,FY2026,2026-03-31,instant,AECO Hub,Countess Facility - storage wells,27,count,0,0,49,
business_100,3724816,15,https://web.quartr.com/companies/21558?companyId=21558&documentId=3724816&documentType=report&eventId=554427&navigation=external&utm_medium=referral&utm_source=mcp&rp=15,kpi,FY2026,2026-03-31,instant,AECO Hub,Countess Facility - gas storage reservoirs,2,count,0,0,50,
business_100,3724816,15,https://web.quartr.com/companies/21558?companyId=21558&documentId=3724816&documentType=report&eventId=554427&navigation=external&utm_medium=referral&utm_source=mcp&rp=15,kpi,FY2026,2026-03-31,instant,AECO Hub,Countess Facility - electricity generated compression,34500,count,0,0,51,printed_unit=horsepower; printed as approximately
business_100,3724816,15,https://web.quartr.com/companies/21558?companyId=21558&documentId=3724816&documentType=report&eventId=554427&navigation=external&utm_medium=referral&utm_source=mcp&rp=15,kpi,FY2026,2026-03-31,instant,AECO Hub - Development Opportunities,Countess Facility - standalone battery storage installation (pre-FID),20,count,0,0,52,"printed_unit=MW; pre-final investment decision, grid interconnection applications underway"
business_100,3724816,16,https://web.quartr.com/companies/21558?companyId=21558&documentId=3724816&documentType=report&eventId=554427&navigation=external&utm_medium=referral&utm_source=mcp&rp=16,kpi,FY2026,2026-03-31,instant,Warwick Facility,Ownership Interest,100,pct,0,0,53,
business_100,3724816,16,https://web.quartr.com/companies/21558?companyId=21558&documentId=3724816&documentType=report&eventId=554427&navigation=external&utm_medium=referral&utm_source=mcp&rp=16,kpi,FY2026,2026-03-31,instant,Warwick Facility,Start of Operations,2010,count,0,0,54,printed_unit=year
business_100,3724816,16,https://web.quartr.com/companies/21558?companyId=21558&documentId=3724816&documentType=report&eventId=554427&navigation=external&utm_medium=referral&utm_source=mcp&rp=16,kpi,FY2026,2026-03-31,instant,Warwick Facility,# of Injection / Withdrawal Wells,16,count,0,0,55,
business_100,3724816,16,https://web.quartr.com/companies/21558?companyId=21558&documentId=3724816&documentType=report&eventId=554427&navigation=external&utm_medium=referral&utm_source=mcp&rp=16,kpi,FY2026,2026-03-31,instant,Warwick Facility,Effective Working Gas Capacity,21.5,bcf,0,0,56,
business_100,3724816,16,https://web.quartr.com/companies/21558?companyId=21558&documentId=3724816&documentType=report&eventId=554427&navigation=external&utm_medium=referral&utm_source=mcp&rp=16,kpi,FY2026,2026-03-31,instant,Warwick Facility,Max Injection,300,count,0,0,57,printed_unit=MMcf/d
business_100,3724816,16,https://web.quartr.com/companies/21558?companyId=21558&documentId=3724816&documentType=report&eventId=554427&navigation=external&utm_medium=referral&utm_source=mcp&rp=16,kpi,FY2026,2026-03-31,instant,Warwick Facility,Max Withdrawal,250,count,0,0,58,printed_unit=MMcf/d
business_100,3724816,16,https://web.quartr.com/companies/21558?companyId=21558&documentId=3724816&documentType=report&eventId=554427&navigation=external&utm_medium=referral&utm_source=mcp&rp=16,kpi,FY2026,2026-03-31,instant,Warwick Facility,# of Interconnects,1,count,0,0,59,
business_100,3724816,16,https://web.quartr.com/companies/21558?companyId=21558&documentId=3724816&documentType=report&eventId=554427&navigation=external&utm_medium=referral&utm_source=mcp&rp=16,kpi,FY2026,2026-03-31,instant,Warwick Facility,Owned Pipeline,27,count,0,0,60,printed_unit=km
business_100,3724816,16,https://web.quartr.com/companies/21558?companyId=21558&documentId=3724816&documentType=report&eventId=554427&navigation=external&utm_medium=referral&utm_source=mcp&rp=16,kpi,FY2026,2026-03-31,instant,Warwick Facility - Development Opportunities,Warwick Expansion Project - potential incremental working gas capacity,5,bcf,0,0,61,"printed as 'up to 5 Bcf'; pre-approval, seeking regulatory approvals"
business_100,3724816,16,https://web.quartr.com/companies/21558?companyId=21558&documentId=3724816&documentType=report&eventId=554427&navigation=external&utm_medium=referral&utm_source=mcp&rp=16,kpi,FY2026,2026-03-31,instant,Warwick Facility - Development Opportunities,Warwick Battery Storage Project - battery electricity storage operation,11,count,0,0,62,printed_unit=MW; positive final investment decision taken
business_100,3724816,16,https://web.quartr.com/companies/21558?companyId=21558&documentId=3724816&documentType=report&eventId=554427&navigation=external&utm_medium=referral&utm_source=mcp&rp=16,kpi,FY2026,2026-03-31,instant,Warwick Facility - Development Opportunities,Warwick Facility battery storage project expected cost,14,cad_millions,0,0,63,printed as approximately C$14 million; in service expected Q2 of FY2028
business_100,3724816,9,https://web.quartr.com/companies/21558?companyId=21558&documentId=3724816&documentType=report&eventId=554427&navigation=external&utm_medium=referral&utm_source=mcp&rp=9,kpi,FY2024,2024-03-31,instant,Three Year History - 2023 Asset Sales,Salt Plains Facility - effective working gas storage capacity,13,bcf,0,0,1,"divested 2023-04-01; historical, no longer in the portfolio"
business_100,3724816,9,https://web.quartr.com/companies/21558?companyId=21558&documentId=3724816&documentType=report&eventId=554427&navigation=external&utm_medium=referral&utm_source=mcp&rp=9,kpi,FY2024,2024-03-31,instant,Three Year History - 2023 Asset Sales,Tres Palacios Facility - effective working gas storage capacity,34,bcf,0,0,2,Brookfield's 49.99% membership interest sold 2023-04-03; historical
business_100,3724816,9,https://web.quartr.com/companies/21558?companyId=21558&documentId=3724816&documentType=report&eventId=554427&navigation=external&utm_medium=referral&utm_source=mcp&rp=9,note_other,FY2024,2024-03-31,FY,Three Year History - 2023 Asset Sales,"net proceeds - sale of 100% interest in Salt Plains Storage, LLC",35.2,usd_millions,0,0,1,Swan OpCo; approximately; sold 2023-04-01
business_100,3724816,9,https://web.quartr.com/companies/21558?companyId=21558&documentId=3724816&documentType=report&eventId=554427&navigation=external&utm_medium=referral&utm_source=mcp&rp=9,note_other,FY2024,2024-03-31,FY,Three Year History - 2023 Asset Sales,net proceeds - sale of Brookfield's 49.99% membership interest in Tres Palacios Holdings LLC,175.4,usd_millions,0,0,2,"approximately; sold 2023-04-03; proceeds to Brookfield, not to the Business"
business_100,3724816,9,https://web.quartr.com/companies/21558?companyId=21558&documentId=3724816&documentType=report&eventId=554427&navigation=external&utm_medium=referral&utm_source=mcp&rp=9,note_other,FY2026,2026-03-31,FY,Three Year History - Warwick Acquisition,aggregate purchase price paid by AECO Gas Storage for Warwick Gas Storage and Warwick Gas Storage Ltd.,135.6,usd_millions,0,0,1,approximately; 2025-10-14; funded via the Warwick Receivable from a Brookfield affiliate
business_100,3724816,17,https://web.quartr.com/companies/21558?companyId=21558&documentId=3724816&documentType=report&eventId=554427&navigation=external&utm_medium=referral&utm_source=mcp&rp=17,non_ifrs,FY2025,2025-03-31,FY,Commercial Model - Revenue mix by contracting type,ToP Contracts - FY25 Revenue Mix,44,pct,0,1,1,column footing verified: 44+44+12=100
business_100,3724816,17,https://web.quartr.com/companies/21558?companyId=21558&documentId=3724816&documentType=report&eventId=554427&navigation=external&utm_medium=referral&utm_source=mcp&rp=17,non_ifrs,FY2026,2026-03-31,FY,Commercial Model - Revenue mix by contracting type,ToP Contracts - FY26 Revenue Mix,49,pct,0,0,1,column footing verified: 49+32+19=100
business_100,3724816,17,https://web.quartr.com/companies/21558?companyId=21558&documentId=3724816&documentType=report&eventId=554427&navigation=external&utm_medium=referral&utm_source=mcp&rp=17,non_ifrs,FY2026,2026-03-31,FY,Commercial Model - Adjusted Gross Margin contracting mix,ToP Contracts - Long-Term AGM Target Mix (1),60,pct,0,0,2,"non-IFRS ratio; long-term target, not a period figure; 60+25+15=100"
business_100,3724816,17,https://web.quartr.com/companies/21558?companyId=21558&documentId=3724816&documentType=report&eventId=554427&navigation=external&utm_medium=referral&utm_source=mcp&rp=17,non_ifrs,FY2025,2025-03-31,FY,Commercial Model - Adjusted Gross Margin contracting mix,ToP Contracts - FY25 AGM Mix,45,pct,0,1,2,non-IFRS ratio; 45+41+14=100
business_100,3724816,17,https://web.quartr.com/companies/21558?companyId=21558&documentId=3724816&documentType=report&eventId=554427&navigation=external&utm_medium=referral&utm_source=mcp&rp=17,non_ifrs,FY2026,2026-03-31,FY,Commercial Model - Adjusted Gross Margin contracting mix,ToP Contracts - FY26 AGM Mix,51,pct,0,0,3,non-IFRS ratio; 51+32+17=100
business_100,3724816,17,https://web.quartr.com/companies/21558?companyId=21558&documentId=3724816&documentType=report&eventId=554427&navigation=external&utm_medium=referral&utm_source=mcp&rp=17,non_ifrs,FY2025,2025-03-31,FY,Commercial Model - Revenue mix by contracting type,STS Contracts - FY25 Revenue Mix,44,pct,0,1,3,column footing verified: 44+44+12=100
business_100,3724816,17,https://web.quartr.com/companies/21558?companyId=21558&documentId=3724816&documentType=report&eventId=554427&navigation=external&utm_medium=referral&utm_source=mcp&rp=17,non_ifrs,FY2026,2026-03-31,FY,Commercial Model - Revenue mix by contracting type,STS Contracts - FY26 Revenue Mix,32,pct,0,0,4,column footing verified: 49+32+19=100
business_100,3724816,17,https://web.quartr.com/companies/21558?companyId=21558&documentId=3724816&documentType=report&eventId=554427&navigation=external&utm_medium=referral&utm_source=mcp&rp=17,non_ifrs,FY2026,2026-03-31,FY,Commercial Model - Adjusted Gross Margin contracting mix,STS Contracts - Long-Term AGM Target Mix (1),25,pct,0,0,5,"non-IFRS ratio; long-term target, not a period figure; 60+25+15=100"
business_100,3724816,17,https://web.quartr.com/companies/21558?companyId=21558&documentId=3724816&documentType=report&eventId=554427&navigation=external&utm_medium=referral&utm_source=mcp&rp=17,non_ifrs,FY2025,2025-03-31,FY,Commercial Model - Adjusted Gross Margin contracting mix,STS Contracts - FY25 AGM Mix,41,pct,0,1,4,non-IFRS ratio; 45+41+14=100
business_100,3724816,17,https://web.quartr.com/companies/21558?companyId=21558&documentId=3724816&documentType=report&eventId=554427&navigation=external&utm_medium=referral&utm_source=mcp&rp=17,non_ifrs,FY2026,2026-03-31,FY,Commercial Model - Adjusted Gross Margin contracting mix,STS Contracts - FY26 AGM Mix,32,pct,0,0,6,non-IFRS ratio; 51+32+17=100
business_100,3724816,17,https://web.quartr.com/companies/21558?companyId=21558&documentId=3724816&documentType=report&eventId=554427&navigation=external&utm_medium=referral&utm_source=mcp&rp=17,non_ifrs,FY2025,2025-03-31,FY,Commercial Model - Revenue mix by contracting type,Optimization Activities - FY25 Revenue Mix,12,pct,0,1,5,column footing verified: 44+44+12=100
business_100,3724816,17,https://web.quartr.com/companies/21558?companyId=21558&documentId=3724816&documentType=report&eventId=554427&navigation=external&utm_medium=referral&utm_source=mcp&rp=17,non_ifrs,FY2026,2026-03-31,FY,Commercial Model - Revenue mix by contracting type,Optimization Activities - FY26 Revenue Mix,19,pct,0,0,7,column footing verified: 49+32+19=100
business_100,3724816,17,https://web.quartr.com/companies/21558?companyId=21558&documentId=3724816&documentType=report&eventId=554427&navigation=external&utm_medium=referral&utm_source=mcp&rp=17,non_ifrs,FY2026,2026-03-31,FY,Commercial Model - Adjusted Gross Margin contracting mix,Optimization Activities - Long-Term AGM Target Mix (1),15,pct,0,0,8,"non-IFRS ratio; long-term target, not a period figure; 60+25+15=100"
business_100,3724816,17,https://web.quartr.com/companies/21558?companyId=21558&documentId=3724816&documentType=report&eventId=554427&navigation=external&utm_medium=referral&utm_source=mcp&rp=17,non_ifrs,FY2025,2025-03-31,FY,Commercial Model - Adjusted Gross Margin contracting mix,Optimization Activities - FY25 AGM Mix,14,pct,0,1,6,non-IFRS ratio; 45+41+14=100
business_100,3724816,17,https://web.quartr.com/companies/21558?companyId=21558&documentId=3724816&documentType=report&eventId=554427&navigation=external&utm_medium=referral&utm_source=mcp&rp=17,non_ifrs,FY2026,2026-03-31,FY,Commercial Model - Adjusted Gross Margin contracting mix,Optimization Activities - FY26 AGM Mix,17,pct,0,0,9,non-IFRS ratio; 51+32+17=100
business_100,3724816,19,https://web.quartr.com/companies/21558?companyId=21558&documentId=3724816&documentType=report&eventId=554427&navigation=external&utm_medium=referral&utm_source=mcp&rp=19,kpi,FY2026,2026-03-31,instant,Industry and Competition - Industry Overview,North American natural gas storage market - number of storage facilities,400,count,0,0,64,"printed as 'more than 400'; third-party industry statistic, not company-specific"
business_100,3724816,19,https://web.quartr.com/companies/21558?companyId=21558&documentId=3724816&documentType=report&eventId=554427&navigation=external&utm_medium=referral&utm_source=mcp&rp=19,kpi,FY2026,2026-03-31,instant,Industry and Competition - Industry Overview,North American natural gas storage market - total estimated effective working gas storage capacity,5.6,tcf,0,0,65,unit tcf is an extension beyond SPEC section 4 enum; third-party industry statistic
business_100,3724816,19,https://web.quartr.com/companies/21558?companyId=21558&documentId=3724816&documentType=report&eventId=554427&navigation=external&utm_medium=referral&utm_source=mcp&rp=19,kpi,FY2026,2026-03-31,instant,Industry and Competition - California,California natural gas storage market - number of storage facilities,12,count,0,0,66,third-party industry statistic
business_100,3724816,19,https://web.quartr.com/companies/21558?companyId=21558&documentId=3724816&documentType=report&eventId=554427&navigation=external&utm_medium=referral&utm_source=mcp&rp=19,kpi,FY2026,2026-03-31,instant,Industry and Competition - California,California natural gas storage market - total estimated effective working gas storage capacity,323,bcf,0,0,67,printed as approximately; third-party industry statistic
business_100,3724816,19,https://web.quartr.com/companies/21558?companyId=21558&documentId=3724816&documentType=report&eventId=554427&navigation=external&utm_medium=referral&utm_source=mcp&rp=19,kpi,FY2026,2026-03-31,instant,Industry and Competition - California,reduction in monthly maximum Redwood Path capacity from PG&E's May 2025 retirement of the Tionesta compressor station,207.5,count,0,0,68,printed_unit=MMcf/d; printed as an average of approximately
business_100,3724816,20,https://web.quartr.com/companies/21558?companyId=21558&documentId=3724816&documentType=report&eventId=554427&navigation=external&utm_medium=referral&utm_source=mcp&rp=20,kpi,FY2026,2026-03-31,instant,Industry and Competition - Alberta,Alberta natural gas storage - number of storage facilities,10,count,0,0,69,third-party industry statistic
business_100,3724816,20,https://web.quartr.com/companies/21558?companyId=21558&documentId=3724816&documentType=report&eventId=554427&navigation=external&utm_medium=referral&utm_source=mcp&rp=20,kpi,FY2026,2026-03-31,instant,Industry and Competition - Alberta,Alberta natural gas storage - total estimated effective working gas storage capacity,470,bcf,0,0,70,printed as approximately; third-party industry statistic
business_100,3724816,21,https://web.quartr.com/companies/21558?companyId=21558&documentId=3724816&documentType=report&eventId=554427&navigation=external&utm_medium=referral&utm_source=mcp&rp=21,kpi,FY2026,2026-03-31,instant,Industry and Competition - Largest gas storage facilities in western Canada,ROCKPOINT - AECO HUB - Storage Capacity (Bcf),154,bcf,0,0,71,"owner/facility/value pairing reconstructed from a PDF-scrambled chart by strict descending capacity order; 12 western Canada names vs 12 values and 9 California names vs 9 values, both descending - see D_NOTES.md"
business_100,3724816,21,https://web.quartr.com/companies/21558?companyId=21558&documentId=3724816&documentType=report&eventId=554427&navigation=external&utm_medium=referral&utm_source=mcp&rp=21,kpi,FY2026,2026-03-31,instant,Industry and Competition - Largest gas storage facilities in western Canada,Enbridge - Aitken Creek - Storage Capacity (Bcf),77,bcf,0,0,72,"owner/facility/value pairing reconstructed from a PDF-scrambled chart by strict descending capacity order; 12 western Canada names vs 12 values and 9 California names vs 9 values, both descending - see D_NOTES.md"
business_100,3724816,21,https://web.quartr.com/companies/21558?companyId=21558&documentId=3724816&documentType=report&eventId=554427&navigation=external&utm_medium=referral&utm_source=mcp&rp=21,kpi,FY2026,2026-03-31,instant,Industry and Competition - Largest gas storage facilities in western Canada,TC Energy - Crossfield East - Storage Capacity (Bcf),68,bcf,0,0,73,"owner/facility/value pairing reconstructed from a PDF-scrambled chart by strict descending capacity order; 12 western Canada names vs 12 values and 9 California names vs 9 values, both descending - see D_NOTES.md"
business_100,3724816,21,https://web.quartr.com/companies/21558?companyId=21558&documentId=3724816&documentType=report&eventId=554427&navigation=external&utm_medium=referral&utm_source=mcp&rp=21,kpi,FY2026,2026-03-31,instant,Industry and Competition - Largest gas storage facilities in western Canada,ATCO - Wayne-Rosedale - Storage Capacity (Bcf),62,bcf,0,0,74,"owner/facility/value pairing reconstructed from a PDF-scrambled chart by strict descending capacity order; 12 western Canada names vs 12 values and 9 California names vs 9 values, both descending - see D_NOTES.md"
business_100,3724816,21,https://web.quartr.com/companies/21558?companyId=21558&documentId=3724816&documentType=report&eventId=554427&navigation=external&utm_medium=referral&utm_source=mcp&rp=21,kpi,FY2026,2026-03-31,instant,Industry and Competition - Largest gas storage facilities in western Canada,TC Energy - Edson - Storage Capacity (Bcf),50,bcf,0,0,75,"owner/facility/value pairing reconstructed from a PDF-scrambled chart by strict descending capacity order; 12 western Canada names vs 12 values and 9 California names vs 9 values, both descending - see D_NOTES.md"
business_100,3724816,21,https://web.quartr.com/companies/21558?companyId=21558&documentId=3724816&documentType=report&eventId=554427&navigation=external&utm_medium=referral&utm_source=mcp&rp=21,kpi,FY2026,2026-03-31,instant,Industry and Competition - Largest gas storage facilities in western Canada,Tidewater Midstream - Brazeau River - Storage Capacity (Bcf),39,bcf,0,0,76,"owner/facility/value pairing reconstructed from a PDF-scrambled chart by strict descending capacity order; 12 western Canada names vs 12 values and 9 California names vs 9 values, both descending - see D_NOTES.md"
business_100,3724816,21,https://web.quartr.com/companies/21558?companyId=21558&documentId=3724816&documentType=report&eventId=554427&navigation=external&utm_medium=referral&utm_source=mcp&rp=21,kpi,FY2026,2026-03-31,instant,Industry and Competition - Largest gas storage facilities in western Canada,ATCO - Carrot Creek - Storage Capacity (Bcf),35,bcf,0,0,77,"owner/facility/value pairing reconstructed from a PDF-scrambled chart by strict descending capacity order; 12 western Canada names vs 12 values and 9 California names vs 9 values, both descending - see D_NOTES.md"
business_100,3724816,21,https://web.quartr.com/companies/21558?companyId=21558&documentId=3724816&documentType=report&eventId=554427&navigation=external&utm_medium=referral&utm_source=mcp&rp=21,kpi,FY2026,2026-03-31,instant,Industry and Competition - Largest gas storage facilities in western Canada,SaskEnergy - Saskatchewan - Storage Capacity (Bcf),34,bcf,0,0,78,"owner/facility/value pairing reconstructed from a PDF-scrambled chart by strict descending capacity order; 12 western Canada names vs 12 values and 9 California names vs 9 values, both descending - see D_NOTES.md"
business_100,3724816,21,https://web.quartr.com/companies/21558?companyId=21558&documentId=3724816&documentType=report&eventId=554427&navigation=external&utm_medium=referral&utm_source=mcp&rp=21,kpi,FY2026,2026-03-31,instant,Industry and Competition - Largest gas storage facilities in western Canada,ROCKPOINT - Warwick - Storage Capacity (Bcf),22,bcf,0,0,79,"owner/facility/value pairing reconstructed from a PDF-scrambled chart by strict descending capacity order; 12 western Canada names vs 12 values and 9 California names vs 9 values, both descending - see D_NOTES.md"
business_100,3724816,21,https://web.quartr.com/companies/21558?companyId=21558&documentId=3724816&documentType=report&eventId=554427&navigation=external&utm_medium=referral&utm_source=mcp&rp=21,kpi,FY2026,2026-03-31,instant,Industry and Competition - Largest gas storage facilities in western Canada,AltaGas - Dimsdale - Storage Capacity (Bcf),18,bcf,0,0,80,"owner/facility/value pairing reconstructed from a PDF-scrambled chart by strict descending capacity order; 12 western Canada names vs 12 values and 9 California names vs 9 values, both descending - see D_NOTES.md"
business_100,3724816,21,https://web.quartr.com/companies/21558?companyId=21558&documentId=3724816&documentType=report&eventId=554427&navigation=external&utm_medium=referral&utm_source=mcp&rp=21,kpi,FY2026,2026-03-31,instant,Industry and Competition - Largest gas storage facilities in western Canada,Husky Energy - Hussar - Storage Capacity (Bcf),15,bcf,0,0,81,"owner/facility/value pairing reconstructed from a PDF-scrambled chart by strict descending capacity order; 12 western Canada names vs 12 values and 9 California names vs 9 values, both descending - see D_NOTES.md"
business_100,3724816,21,https://web.quartr.com/companies/21558?companyId=21558&documentId=3724816&documentType=report&eventId=554427&navigation=external&utm_medium=referral&utm_source=mcp&rp=21,kpi,FY2026,2026-03-31,instant,Industry and Competition - Largest gas storage facilities in western Canada,ATCO - McLeod - Storage Capacity (Bcf),11,bcf,0,0,82,"owner/facility/value pairing reconstructed from a PDF-scrambled chart by strict descending capacity order; 12 western Canada names vs 12 values and 9 California names vs 9 values, both descending - see D_NOTES.md"
business_100,3724816,21,https://web.quartr.com/companies/21558?companyId=21558&documentId=3724816&documentType=report&eventId=554427&navigation=external&utm_medium=referral&utm_source=mcp&rp=21,kpi,FY2026,2026-03-31,instant,Industry and Competition - Largest gas storage facilities in California,ROCKPOINT - Wild Goose - Storage Capacity (Bcf),75,bcf,0,0,83,"owner/facility/value pairing reconstructed from a PDF-scrambled chart by strict descending capacity order; 12 western Canada names vs 12 values and 9 California names vs 9 values, both descending - see D_NOTES.md"
business_100,3724816,21,https://web.quartr.com/companies/21558?companyId=21558&documentId=3724816&documentType=report&eventId=554427&navigation=external&utm_medium=referral&utm_source=mcp&rp=21,kpi,FY2026,2026-03-31,instant,Industry and Competition - Largest gas storage facilities in California,SoCalGas - Aliso Canyon - Storage Capacity (Bcf),69,bcf,0,0,84,"owner/facility/value pairing reconstructed from a PDF-scrambled chart by strict descending capacity order; 12 western Canada names vs 12 values and 9 California names vs 9 values, both descending - see D_NOTES.md"
business_100,3724816,21,https://web.quartr.com/companies/21558?companyId=21558&documentId=3724816&documentType=report&eventId=554427&navigation=external&utm_medium=referral&utm_source=mcp&rp=21,kpi,FY2026,2026-03-31,instant,Industry and Competition - Largest gas storage facilities in California,PG&E - McDonald Island - Storage Capacity (Bcf),53,bcf,0,0,85,"owner/facility/value pairing reconstructed from a PDF-scrambled chart by strict descending capacity order; 12 western Canada names vs 12 values and 9 California names vs 9 values, both descending - see D_NOTES.md"
business_100,3724816,21,https://web.quartr.com/companies/21558?companyId=21558&documentId=3724816&documentType=report&eventId=554427&navigation=external&utm_medium=referral&utm_source=mcp&rp=21,kpi,FY2026,2026-03-31,instant,Industry and Competition - Largest gas storage facilities in California,ROCKPOINT - Lodi & Kirby Hills - Storage Capacity (Bcf),29,bcf,0,0,86,"owner/facility/value pairing reconstructed from a PDF-scrambled chart by strict descending capacity order; 12 western Canada names vs 12 values and 9 California names vs 9 values, both descending - see D_NOTES.md"
business_100,3724816,21,https://web.quartr.com/companies/21558?companyId=21558&documentId=3724816&documentType=report&eventId=554427&navigation=external&utm_medium=referral&utm_source=mcp&rp=21,kpi,FY2026,2026-03-31,instant,Industry and Competition - Largest gas storage facilities in California,SoCalGas - Honor Rancho - Storage Capacity (Bcf),27,bcf,0,0,87,"owner/facility/value pairing reconstructed from a PDF-scrambled chart by strict descending capacity order; 12 western Canada names vs 12 values and 9 California names vs 9 values, both descending - see D_NOTES.md"
business_100,3724816,21,https://web.quartr.com/companies/21558?companyId=21558&documentId=3724816&documentType=report&eventId=554427&navigation=external&utm_medium=referral&utm_source=mcp&rp=21,kpi,FY2026,2026-03-31,instant,Industry and Competition - Largest gas storage facilities in California,SoCalGas - La Goleta - Storage Capacity (Bcf),22,bcf,0,0,88,"owner/facility/value pairing reconstructed from a PDF-scrambled chart by strict descending capacity order; 12 western Canada names vs 12 values and 9 California names vs 9 values, both descending - see D_NOTES.md"
business_100,3724816,21,https://web.quartr.com/companies/21558?companyId=21558&documentId=3724816&documentType=report&eventId=554427&navigation=external&utm_medium=referral&utm_source=mcp&rp=21,kpi,FY2026,2026-03-31,instant,Industry and Competition - Largest gas storage facilities in California,PG&E + Sensa - Gill Ranch - Storage Capacity (Bcf),20,bcf,0,0,89,"owner/facility/value pairing reconstructed from a PDF-scrambled chart by strict descending capacity order; 12 western Canada names vs 12 values and 9 California names vs 9 values, both descending - see D_NOTES.md"
business_100,3724816,21,https://web.quartr.com/companies/21558?companyId=21558&documentId=3724816&documentType=report&eventId=554427&navigation=external&utm_medium=referral&utm_source=mcp&rp=21,kpi,FY2026,2026-03-31,instant,Industry and Competition - Largest gas storage facilities in California,PG&E - Los Medanos - Storage Capacity (Bcf),15,bcf,0,0,90,"owner/facility/value pairing reconstructed from a PDF-scrambled chart by strict descending capacity order; 12 western Canada names vs 12 values and 9 California names vs 9 values, both descending - see D_NOTES.md"
business_100,3724816,21,https://web.quartr.com/companies/21558?companyId=21558&documentId=3724816&documentType=report&eventId=554427&navigation=external&utm_medium=referral&utm_source=mcp&rp=21,kpi,FY2026,2026-03-31,instant,Industry and Competition - Largest gas storage facilities in California,Sixth Street + Caliche - Central Valley - Storage Capacity (Bcf),10,bcf,0,0,91,"owner/facility/value pairing reconstructed from a PDF-scrambled chart by strict descending capacity order; 12 western Canada names vs 12 values and 9 California names vs 9 values, both descending - see D_NOTES.md"
business_100,3724816,22,https://web.quartr.com/companies/21558?companyId=21558&documentId=3724816&documentType=report&eventId=554427&navigation=external&utm_medium=referral&utm_source=mcp&rp=22,kpi,FY2026,2026-03-31,FY,Customers - breakdown of customer base based on FY2026 fee-for-service revenue,Producers,8,pct,0,0,92,"only donut-chart label unambiguously adjacent to its value; the four other slices (36/28/20/8) could not be matched to Financial Institutions / Utilities / Marketers / Other - deliberately omitted, see D_NOTES.md"
business_100,3724816,26,https://web.quartr.com/companies/21558?companyId=21558&documentId=3724816&documentType=report&eventId=554427&navigation=external&utm_medium=referral&utm_source=mcp&rp=26,kpi,FY2026,2026-03-31,FY,Regulatory Compliance Spend,Wild Goose Facility - FY26 Regulatory Compliance Spend,4.0,usd_millions,0,0,93,table has no printed total; 4.0+5.6+1.2+0.2 = 11.0 (not printed by the filing)
business_100,3724816,26,https://web.quartr.com/companies/21558?companyId=21558&documentId=3724816&documentType=report&eventId=554427&navigation=external&utm_medium=referral&utm_source=mcp&rp=26,kpi,FY2026,2026-03-31,FY,Regulatory Compliance Spend,Lodi Storage Facility - FY26 Regulatory Compliance Spend,5.6,usd_millions,0,0,94,table has no printed total; 4.0+5.6+1.2+0.2 = 11.0 (not printed by the filing)
business_100,3724816,26,https://web.quartr.com/companies/21558?companyId=21558&documentId=3724816&documentType=report&eventId=554427&navigation=external&utm_medium=referral&utm_source=mcp&rp=26,kpi,FY2026,2026-03-31,FY,Regulatory Compliance Spend,AECO Hub - FY26 Regulatory Compliance Spend,1.2,usd_millions,0,0,95,table has no printed total; 4.0+5.6+1.2+0.2 = 11.0 (not printed by the filing)
business_100,3724816,26,https://web.quartr.com/companies/21558?companyId=21558&documentId=3724816&documentType=report&eventId=554427&navigation=external&utm_medium=referral&utm_source=mcp&rp=26,kpi,FY2026,2026-03-31,FY,Regulatory Compliance Spend,Warwick Facility - FY26 Regulatory Compliance Spend,0.2,usd_millions,0,0,96,table has no printed total; 4.0+5.6+1.2+0.2 = 11.0 (not printed by the filing)
business_100,3724816,26,https://web.quartr.com/companies/21558?companyId=21558&documentId=3724816&documentType=report&eventId=554427&navigation=external&utm_medium=referral&utm_source=mcp&rp=26,kpi,FY2026,2026-03-31,instant,Human Capital,"Rockpoint Gas Storage employees as at March 31, 2026",148,count,0,0,97,
company,3724816,9,https://web.quartr.com/companies/21558?companyId=21558&documentId=3724816&documentType=report&eventId=554427&navigation=external&utm_medium=referral&utm_source=mcp&rp=9,share_data,FY2026,2026-03-31,instant,Three Year History - Initial Public Offering and Issuance of Class B Shares,Class B Shares issued to Brookfield Holdings for nominal consideration,79800000,shares,0,0,1,issued 2025-10-15
company,3724816,9,https://web.quartr.com/companies/21558?companyId=21558&documentId=3724816&documentType=report&eventId=554427&navigation=external&utm_medium=referral&utm_source=mcp&rp=9,share_data,FY2026,2026-03-31,instant,Three Year History - Initial Public Offering and Issuance of Class B Shares,Class A Shares issued to the public from treasury in the Initial Public Offering,32000000,shares,0,0,2,issued 2025-10-15
company,3724816,9,https://web.quartr.com/companies/21558?companyId=21558&documentId=3724816&documentType=report&eventId=554427&navigation=external&utm_medium=referral&utm_source=mcp&rp=9,share_data,FY2026,2026-03-31,instant,Three Year History - Initial Public Offering and Issuance of Class B Shares,Initial Public Offering price per Class A Share,22.0,cad_per_share,0,0,3,unit cad_per_share is an extension beyond SPEC section 4 enum; filing prints C$
company,3724816,9,https://web.quartr.com/companies/21558?companyId=21558&documentId=3724816&documentType=report&eventId=554427&navigation=external&utm_medium=referral&utm_source=mcp&rp=9,share_data,FY2026,2026-03-31,FY,Three Year History - Initial Public Offering and Issuance of Class B Shares,aggregate gross proceeds of the Initial Public Offering,704.0,cad_millions,0,0,4,"printed as approximately; 32,000,000 x C$22.00 = C$704.0m, ties"
company,3724816,9,https://web.quartr.com/companies/21558?companyId=21558&documentId=3724816&documentType=report&eventId=554427&navigation=external&utm_medium=referral&utm_source=mcp&rp=9,share_data,FY2026,2026-03-31,instant,Three Year History - Initial Public Offering and Issuance of Class B Shares,Class A Shares issued to the Selling Shareholders from treasury in partial satisfaction of the OpCo Interest Acquisition purchase price,21200000,shares,0,0,5,issued 2025-10-15 at a deemed price of C$25.00
company,3724816,9,https://web.quartr.com/companies/21558?companyId=21558&documentId=3724816&documentType=report&eventId=554427&navigation=external&utm_medium=referral&utm_source=mcp&rp=9,share_data,FY2026,2026-03-31,instant,Three Year History - Initial Public Offering and Issuance of Class B Shares,deemed price per Class A Share issued to the Selling Shareholders,25.0,cad_per_share,0,0,6,"deemed price, not a cash price"
company,3724816,9,https://web.quartr.com/companies/21558?companyId=21558&documentId=3724816&documentType=report&eventId=554427&navigation=external&utm_medium=referral&utm_source=mcp&rp=9,share_data,FY2026,2026-03-31,instant,Three Year History - October 2025 Secondary Offering,Class A Shares acquired from the Selling Shareholders on full exercise of the over-allotment option,4800000,shares,0,0,7,secondary; no proceeds to the Company
company,3724816,9,https://web.quartr.com/companies/21558?companyId=21558&documentId=3724816&documentType=report&eventId=554427&navigation=external&utm_medium=referral&utm_source=mcp&rp=9,share_data,FY2026,2026-03-31,instant,Three Year History - October 2025 Secondary Offering,over-allotment price per Class A Share,22.0,cad_per_share,0,0,8,
company,3724816,9,https://web.quartr.com/companies/21558?companyId=21558&documentId=3724816&documentType=report&eventId=554427&navigation=external&utm_medium=referral&utm_source=mcp&rp=9,share_data,FY2026,2026-03-31,FY,Three Year History - October 2025 Secondary Offering,aggregate gross proceeds to the Selling Shareholders from the October 2025 Secondary Offering,105.6,cad_millions,0,0,9,"printed as approximately; 4,800,000 x C$22.00 = C$105.6m, ties; proceeds to Brookfield, not the Company"
company,3724816,9,https://web.quartr.com/companies/21558?companyId=21558&documentId=3724816&documentType=report&eventId=554427&navigation=external&utm_medium=referral&utm_source=mcp&rp=9,note_other,FY2026,2026-03-31,FY,Three Year History - OpCo Interest Acquisition,cash payment to the Selling Shareholders for 40% of Swan OpCo Units and 40% of BIF OpCo Shares,450.4,usd_millions,0,0,1,
company,3724816,9,https://web.quartr.com/companies/21558?companyId=21558&documentId=3724816&documentType=report&eventId=554427&navigation=external&utm_medium=referral&utm_source=mcp&rp=9,note_other,FY2026,2026-03-31,FY,Three Year History - OpCo Interest Acquisition,payment to Brookfield for 40% of the Warwick Receivable (subsequently cancelled),54.2,usd_millions,0,0,2,
company,3724816,57,https://web.quartr.com/companies/21558?companyId=21558&documentId=3724816&documentType=report&eventId=554427&navigation=external&utm_medium=referral&utm_source=mcp&rp=57,note_other,FY2026,2026-03-31,FY,Promoters,aggregate consideration for 40% of the outstanding OpCo Interests,882.0,usd_millions,1,0,3,"printed as approximately; comprised of $450.4m cash + 21,200,000 Class A Shares; implies ~$431.6m of share consideration (not printed)"
company,3724816,10,https://web.quartr.com/companies/21558?companyId=21558&documentId=3724816&documentType=report&eventId=554427&navigation=external&utm_medium=referral&utm_source=mcp&rp=10,share_data,IPO closing,2025-10-15,instant,Three Year History - immediately following the IPO Transactions,Class A Shares owned by Brookfield,16400000,shares,0,0,1,
company,3724816,10,https://web.quartr.com/companies/21558?companyId=21558&documentId=3724816&documentType=report&eventId=554427&navigation=external&utm_medium=referral&utm_source=mcp&rp=10,share_data,IPO closing,2025-10-15,instant,Three Year History - immediately following the IPO Transactions,Class B Shares owned by Brookfield,79800000,shares,0,0,2,
company,3724816,10,https://web.quartr.com/companies/21558?companyId=21558&documentId=3724816&documentType=report&eventId=554427&navigation=external&utm_medium=referral&utm_source=mcp&rp=10,share_data,IPO closing,2025-10-15,instant,Three Year History - immediately following the IPO Transactions,Brookfield share of the aggregate number of outstanding Shares and voting interests in the Company,72.3,pct,1,0,3,"printed as approximately; (16.4m+79.8m)/133.0m = 72.3%, ties"
company,3724816,10,https://web.quartr.com/companies/21558?companyId=21558&documentId=3724816&documentType=report&eventId=554427&navigation=external&utm_medium=referral&utm_source=mcp&rp=10,share_data,IPO closing,2025-10-15,instant,Three Year History - immediately following the IPO Transactions,Rockpoint interest in the Business,40,pct,0,0,4,Brookfield retained the remaining 60%
company,3724816,10,https://web.quartr.com/companies/21558?companyId=21558&documentId=3724816&documentType=report&eventId=554427&navigation=external&utm_medium=referral&utm_source=mcp&rp=10,share_data,FY2026,2026-03-31,instant,Three Year History - February 2026 Secondary Offering,Class A Shares sold by the Selling Shareholders in the February 2026 Secondary Offering,16400000,shares,0,0,10,completed 2026-02-23; Brookfield no longer holds any Class A Shares
company,3724816,10,https://web.quartr.com/companies/21558?companyId=21558&documentId=3724816&documentType=report&eventId=554427&navigation=external&utm_medium=referral&utm_source=mcp&rp=10,share_data,FY2026,2026-03-31,instant,Three Year History - February 2026 Secondary Offering,February 2026 Secondary Offering price per Class A Share,28.0,cad_per_share,0,0,11,
company,3724816,10,https://web.quartr.com/companies/21558?companyId=21558&documentId=3724816&documentType=report&eventId=554427&navigation=external&utm_medium=referral&utm_source=mcp&rp=10,share_data,FY2026,2026-03-31,FY,Three Year History - February 2026 Secondary Offering,aggregate gross proceeds to the Selling Shareholders from the February 2026 Secondary Offering,459.0,cad_millions,0,0,12,"printed as approximately; 16,400,000 x C$28.00 = C$459.2m, filing prints C$459.0m - does not foot exactly, recorded as printed"
company,3724816,10,https://web.quartr.com/companies/21558?companyId=21558&documentId=3724816&documentType=report&eventId=554427&navigation=external&utm_medium=referral&utm_source=mcp&rp=10,share_data,FY2026,2026-03-31,instant,Three Year History - Normal Course Issuer Bid,maximum Class A Shares that may be purchased for cancellation under the NCIB,5316025,shares,0,0,13,TSX approval announced 2026-03-25; NCIB commenced 2026-03-27; expires the earlier of 2027-03-26 and exhaustion/termination
company,3724816,10,https://web.quartr.com/companies/21558?companyId=21558&documentId=3724816&documentType=report&eventId=554427&navigation=external&utm_medium=referral&utm_source=mcp&rp=10,share_data,FY2026,2026-03-31,instant,Three Year History - Normal Course Issuer Bid,maximum Class A Shares acquirable under the NCIB on any one trading day,53277,shares,0,0,14,subject to block purchase exemptions
company,3724816,49,https://web.quartr.com/companies/21558?companyId=21558&documentId=3724816&documentType=report&eventId=554427&navigation=external&utm_medium=referral&utm_source=mcp&rp=49,share_data,FY2026,2026-03-31,instant,Share Capital,Class A Shares outstanding,53200000,shares,0,0,15,"as at 2026-03-31; = 32,000,000 IPO + 21,200,000 to Selling Shareholders; ties"
company,3724816,49,https://web.quartr.com/companies/21558?companyId=21558&documentId=3724816&documentType=report&eventId=554427&navigation=external&utm_medium=referral&utm_source=mcp&rp=49,share_data,FY2026,2026-03-31,instant,Share Capital,Class B Shares outstanding,79800000,shares,0,0,16,as at 2026-03-31
company,3724816,49,https://web.quartr.com/companies/21558?companyId=21558&documentId=3724816&documentType=report&eventId=554427&navigation=external&utm_medium=referral&utm_source=mcp&rp=49,share_data,FY2026,2026-03-31,instant,Share Capital,Preferred Shares outstanding,0,shares,0,0,17,printed as 0
company,3724816,49,https://web.quartr.com/companies/21558?companyId=21558&documentId=3724816&documentType=report&eventId=554427&navigation=external&utm_medium=referral&utm_source=mcp&rp=49,share_data,FY2026,2026-03-31,instant,Share Capital,Class A Shares issuable on exercise of outstanding options,132844,shares,0,0,18,
company,3724816,49,https://web.quartr.com/companies/21558?companyId=21558&documentId=3724816&documentType=report&eventId=554427&navigation=external&utm_medium=referral&utm_source=mcp&rp=49,share_data,FY2026,2026-03-31,instant,Share Capital,total Shares outstanding (Class A + Class B),133000000,shares,1,0,19,NOT PRINTED by the filing - derived here only as an audit check that 53.2m/133.0m = 40.0%; flagged in D_NOTES.md
company,3724816,49,https://web.quartr.com/companies/21558?companyId=21558&documentId=3724816&documentType=report&eventId=554427&navigation=external&utm_medium=referral&utm_source=mcp&rp=49,share_data,FY2026,2026-03-31,instant,Class B Shares,liquidation entitlement per Class B Share,1e-06,cad_per_share,0,0,20,"in priority to Class A Shares, subject to Preferred Shares"
company,3724816,48,https://web.quartr.com/companies/21558?companyId=21558&documentId=3724816&documentType=report&eventId=554427&navigation=external&utm_medium=referral&utm_source=mcp&rp=48,dividends,Q2 FY2026,2025-12-31,Q,Class A Share Dividends,"Second Quarter - December 31, 2025 - Dividend Amount per Class A Share (U.S.$)",0.22,usd_per_share,0,0,1,"inaugural dividend; the date shown is the payment date, not the quarter end"
company,3724816,48,https://web.quartr.com/companies/21558?companyId=21558&documentId=3724816&documentType=report&eventId=554427&navigation=external&utm_medium=referral&utm_source=mcp&rp=48,dividends,Q3 FY2026,2026-03-31,Q,Class A Share Dividends,"Third Quarter - March 31, 2026 - Dividend Amount per Class A Share (U.S.$)",0.22,usd_per_share,0,0,1,payment date
company,3724816,48,https://web.quartr.com/companies/21558?companyId=21558&documentId=3724816&documentType=report&eventId=554427&navigation=external&utm_medium=referral&utm_source=mcp&rp=48,dividends,Q4 FY2026,2026-06-30,Q,Class A Share Dividends,quarterly cash dividend of $0.231 per Class A Share for the fourth quarter of the Company's 2026 financial year,0.231,usd_per_share,0,0,1,"declared 2026-05-27 per table note; body text on the same page says announced 2026-05-28 - internal inconsistency, both recorded verbatim in D_NOTES.md; payable 2026-06-30 to holders of record 2026-06-15"
company,3724816,48,https://web.quartr.com/companies/21558?companyId=21558&documentId=3724816&documentType=report&eventId=554427&navigation=external&utm_medium=referral&utm_source=mcp&rp=48,dividends,FY2026,2026-03-31,FY,Dividend Policy,target annual dividend growth - low end,3,pct,0,0,1,
company,3724816,48,https://web.quartr.com/companies/21558?companyId=21558&documentId=3724816&documentType=report&eventId=554427&navigation=external&utm_medium=referral&utm_source=mcp&rp=48,dividends,FY2026,2026-03-31,FY,Dividend Policy,target annual dividend growth - high end,5,pct,0,0,2,
company,3724816,48,https://web.quartr.com/companies/21558?companyId=21558&documentId=3724816&documentType=report&eventId=554427&navigation=external&utm_medium=referral&utm_source=mcp&rp=48,dividends,FY2026,2026-03-31,FY,Dividend Policy,OpCo target payout of distributable cash flow - low end,50,pct,0,0,3,
company,3724816,48,https://web.quartr.com/companies/21558?companyId=21558&documentId=3724816&documentType=report&eventId=554427&navigation=external&utm_medium=referral&utm_source=mcp&rp=48,dividends,FY2026,2026-03-31,FY,Dividend Policy,OpCo target payout of distributable cash flow - high end,60,pct,0,0,4,
company,3724816,48,https://web.quartr.com/companies/21558?companyId=21558&documentId=3724816&documentType=report&eventId=554427&navigation=external&utm_medium=referral&utm_source=mcp&rp=48,dividends,FY2026,2026-03-31,FY,Dividend Policy,share of OpCo distributions payable to the Company,40,pct,0,0,5,
company,3724816,51,https://web.quartr.com/companies/21558?companyId=21558&documentId=3724816&documentType=report&eventId=554427&navigation=external&utm_medium=referral&utm_source=mcp&rp=51,note_debt,FY2026,2026-03-31,instant,Credit Facilities,"senior secured term loan B facility due in September, 2031 - original aggregate principal amount",1250.0,usd_millions,0,0,1,"the Term Loan; Term Loan Credit Agreement dated 2024-09-18, Wells Fargo as administrative and collateral agent"
company,3724816,51,https://web.quartr.com/companies/21558?companyId=21558&documentId=3724816&documentType=report&eventId=554427&navigation=external&utm_medium=referral&utm_source=mcp&rp=51,note_debt,FY2026,2026-03-31,instant,Credit Facilities,aggregate principal of debt outstanding under the Term Loan,1234.4,usd_millions,0,0,2,printed as approximately; as at 2026-03-31
company,3724816,51,https://web.quartr.com/companies/21558?companyId=21558&documentId=3724816&documentType=report&eventId=554427&navigation=external&utm_medium=referral&utm_source=mcp&rp=51,note_debt,FY2026,2026-03-31,instant,Credit Facilities,Term Loan principal allocated to RGSP LP,60,pct,0,0,3,printed as approximately
company,3724816,51,https://web.quartr.com/companies/21558?companyId=21558&documentId=3724816&documentType=report&eventId=554427&navigation=external&utm_medium=referral&utm_source=mcp&rp=51,note_debt,FY2026,2026-03-31,instant,Credit Facilities,Term Loan principal allocated to RGSC,40,pct,0,0,4,printed as approximately
company,3724816,51,https://web.quartr.com/companies/21558?companyId=21558&documentId=3724816&documentType=report&eventId=554427&navigation=external&utm_medium=referral&utm_source=mcp&rp=51,note_debt,FY2026,2026-03-31,instant,Credit Facilities,senior secured cash-flow revolving credit facility which matures in October 2030,350,usd_millions,0,0,5,"the Revolving Credit Facility; Revolving Credit Agreement dated 2025-10-15, Royal Bank of Canada as administrative and collateral agent"
company,3724816,51,https://web.quartr.com/companies/21558?companyId=21558&documentId=3724816&documentType=report&eventId=554427&navigation=external&utm_medium=referral&utm_source=mcp&rp=51,note_debt,FY2026,2026-03-31,instant,Credit Facilities,cash drawings outstanding under the Revolving Credit Facility,0,usd_millions,0,0,6,printed as 'no cash drawings outstanding'
company,3724816,43,https://web.quartr.com/companies/21558?companyId=21558&documentId=3724816&documentType=report&eventId=554427&navigation=external&utm_medium=referral&utm_source=mcp&rp=43,note_debt,FY2026,2026-03-31,instant,Risk Factors - Financial Risks - Interest Rate Risks,principal borrowings under the Term Loan hedged through September 2031,100.0,pct,0,0,7,the full term of the Term Loan; as at 2026-03-31 none of the Term Loan debt was subject to interest rate exposure
company,3724816,52,https://web.quartr.com/companies/21558?companyId=21558&documentId=3724816&documentType=report&eventId=554427&navigation=external&utm_medium=referral&utm_source=mcp&rp=52,share_data,October 2025,2025-10-31,instant,Trading Price and Volume,High (C$),26.21,cad_per_share,0,0,1,Source: TMX Linx; monthly range. month label printed garbled by the PDF extractor as 'October (1531) 2025 (2)'; partial month - Class A Shares commenced trading 2025-10-15
company,3724816,52,https://web.quartr.com/companies/21558?companyId=21558&documentId=3724816&documentType=report&eventId=554427&navigation=external&utm_medium=referral&utm_source=mcp&rp=52,share_data,October 2025,2025-10-31,instant,Trading Price and Volume,Low (C$),24.55,cad_per_share,0,0,2,Source: TMX Linx; monthly range
company,3724816,52,https://web.quartr.com/companies/21558?companyId=21558&documentId=3724816&documentType=report&eventId=554427&navigation=external&utm_medium=referral&utm_source=mcp&rp=52,share_data,October 2025,2025-10-31,instant,Trading Price and Volume,Volume,2700518,shares,0,0,3,Source: TMX Linx; monthly total
company,3724816,52,https://web.quartr.com/companies/21558?companyId=21558&documentId=3724816&documentType=report&eventId=554427&navigation=external&utm_medium=referral&utm_source=mcp&rp=52,share_data,November 2025,2025-11-30,instant,Trading Price and Volume,High (C$),29.13,cad_per_share,0,0,1,Source: TMX Linx; monthly range.
company,3724816,52,https://web.quartr.com/companies/21558?companyId=21558&documentId=3724816&documentType=report&eventId=554427&navigation=external&utm_medium=referral&utm_source=mcp&rp=52,share_data,November 2025,2025-11-30,instant,Trading Price and Volume,Low (C$),24.49,cad_per_share,0,0,2,Source: TMX Linx; monthly range
company,3724816,52,https://web.quartr.com/companies/21558?companyId=21558&documentId=3724816&documentType=report&eventId=554427&navigation=external&utm_medium=referral&utm_source=mcp&rp=52,share_data,November 2025,2025-11-30,instant,Trading Price and Volume,Volume,3859568,shares,0,0,3,Source: TMX Linx; monthly total
company,3724816,52,https://web.quartr.com/companies/21558?companyId=21558&documentId=3724816&documentType=report&eventId=554427&navigation=external&utm_medium=referral&utm_source=mcp&rp=52,share_data,December 2025,2025-12-31,instant,Trading Price and Volume,High (C$),30.0,cad_per_share,0,0,1,Source: TMX Linx; monthly range.
company,3724816,52,https://web.quartr.com/companies/21558?companyId=21558&documentId=3724816&documentType=report&eventId=554427&navigation=external&utm_medium=referral&utm_source=mcp&rp=52,share_data,December 2025,2025-12-31,instant,Trading Price and Volume,Low (C$),27.0,cad_per_share,0,0,2,Source: TMX Linx; monthly range
company,3724816,52,https://web.quartr.com/companies/21558?companyId=21558&documentId=3724816&documentType=report&eventId=554427&navigation=external&utm_medium=referral&utm_source=mcp&rp=52,share_data,December 2025,2025-12-31,instant,Trading Price and Volume,Volume,2034369,shares,0,0,3,Source: TMX Linx; monthly total
company,3724816,52,https://web.quartr.com/companies/21558?companyId=21558&documentId=3724816&documentType=report&eventId=554427&navigation=external&utm_medium=referral&utm_source=mcp&rp=52,share_data,January 2026,2026-01-31,instant,Trading Price and Volume,High (C$),29.0,cad_per_share,0,0,1,Source: TMX Linx; monthly range.
company,3724816,52,https://web.quartr.com/companies/21558?companyId=21558&documentId=3724816&documentType=report&eventId=554427&navigation=external&utm_medium=referral&utm_source=mcp&rp=52,share_data,January 2026,2026-01-31,instant,Trading Price and Volume,Low (C$),26.6,cad_per_share,0,0,2,Source: TMX Linx; monthly range
company,3724816,52,https://web.quartr.com/companies/21558?companyId=21558&documentId=3724816&documentType=report&eventId=554427&navigation=external&utm_medium=referral&utm_source=mcp&rp=52,share_data,January 2026,2026-01-31,instant,Trading Price and Volume,Volume,2886140,shares,0,0,3,Source: TMX Linx; monthly total
company,3724816,52,https://web.quartr.com/companies/21558?companyId=21558&documentId=3724816&documentType=report&eventId=554427&navigation=external&utm_medium=referral&utm_source=mcp&rp=52,share_data,February 2026,2026-02-28,instant,Trading Price and Volume,High (C$),30.37,cad_per_share,0,0,1,Source: TMX Linx; monthly range. month of the February 2026 Secondary Offering
company,3724816,52,https://web.quartr.com/companies/21558?companyId=21558&documentId=3724816&documentType=report&eventId=554427&navigation=external&utm_medium=referral&utm_source=mcp&rp=52,share_data,February 2026,2026-02-28,instant,Trading Price and Volume,Low (C$),27.46,cad_per_share,0,0,2,Source: TMX Linx; monthly range
company,3724816,52,https://web.quartr.com/companies/21558?companyId=21558&documentId=3724816&documentType=report&eventId=554427&navigation=external&utm_medium=referral&utm_source=mcp&rp=52,share_data,February 2026,2026-02-28,instant,Trading Price and Volume,Volume,8551889,shares,0,0,3,Source: TMX Linx; monthly total
company,3724816,52,https://web.quartr.com/companies/21558?companyId=21558&documentId=3724816&documentType=report&eventId=554427&navigation=external&utm_medium=referral&utm_source=mcp&rp=52,share_data,March 2026,2026-03-31,instant,Trading Price and Volume,High (C$),29.29,cad_per_share,0,0,1,Source: TMX Linx; monthly range. month the NCIB commenced
company,3724816,52,https://web.quartr.com/companies/21558?companyId=21558&documentId=3724816&documentType=report&eventId=554427&navigation=external&utm_medium=referral&utm_source=mcp&rp=52,share_data,March 2026,2026-03-31,instant,Trading Price and Volume,Low (C$),27.02,cad_per_share,0,0,2,Source: TMX Linx; monthly range
company,3724816,52,https://web.quartr.com/companies/21558?companyId=21558&documentId=3724816&documentType=report&eventId=554427&navigation=external&utm_medium=referral&utm_source=mcp&rp=52,share_data,March 2026,2026-03-31,instant,Trading Price and Volume,Volume,6499556,shares,0,0,3,Source: TMX Linx; monthly total
company,3724816,52,https://web.quartr.com/companies/21558?companyId=21558&documentId=3724816&documentType=report&eventId=554427&navigation=external&utm_medium=referral&utm_source=mcp&rp=52,share_data,FY2026,2025-07-28,instant,Prior Sales,Common Share - Number of Securities,1,shares,0,0,21,issued 2025-07-28 to Brookfield Holdings for nominal consideration on incorporation; redesignated as one Class A Share on the 2025-09-17 articles amendment and cancelled after IPO closing
company,3724816,52,https://web.quartr.com/companies/21558?companyId=21558&documentId=3724816&documentType=report&eventId=554427&navigation=external&utm_medium=referral&utm_source=mcp&rp=52,share_data,FY2026,2025-07-28,instant,Prior Sales,Common Share - Issue / Exercise Price (C$),0.0,cad_per_share,0,0,22,printed as 0.00
company,3724816,52,https://web.quartr.com/companies/21558?companyId=21558&documentId=3724816&documentType=report&eventId=554427&navigation=external&utm_medium=referral&utm_source=mcp&rp=52,share_data,FY2026,2025-10-15,instant,Prior Sales,Class B Shares - Number of Securities,79800000,shares,0,0,23,issued to Brookfield Holdings for nominal consideration in connection with the OpCo Interest Acquisition
company,3724816,52,https://web.quartr.com/companies/21558?companyId=21558&documentId=3724816&documentType=report&eventId=554427&navigation=external&utm_medium=referral&utm_source=mcp&rp=52,share_data,FY2026,2025-10-15,instant,Prior Sales,Class B Shares - Issue / Exercise Price (C$),0.0,cad_per_share,0,0,24,printed as 0.00
company,3724816,52,https://web.quartr.com/companies/21558?companyId=21558&documentId=3724816&documentType=report&eventId=554427&navigation=external&utm_medium=referral&utm_source=mcp&rp=52,share_data,FY2026,2025-11-13,instant,Prior Sales,Options - Number of Securities,132844,shares,0,0,25,each option exercisable on vesting for one Class A Share
company,3724816,52,https://web.quartr.com/companies/21558?companyId=21558&documentId=3724816&documentType=report&eventId=554427&navigation=external&utm_medium=referral&utm_source=mcp&rp=52,share_data,FY2026,2025-11-13,instant,Prior Sales,Options - Issue / Exercise Price (C$),25.75,cad_per_share,0,0,26,
company,3724816,52,https://web.quartr.com/companies/21558?companyId=21558&documentId=3724816&documentType=report&eventId=554427&navigation=external&utm_medium=referral&utm_source=mcp&rp=52,share_data,FY2026,2026-03-31,instant,Restrictions on Transfer,Class A Shares (1) - # of Securities Subject to Contractual Restriction on Transfer,39750,shares,0,0,27,as at 2026-03-31
company,3724816,52,https://web.quartr.com/companies/21558?companyId=21558&documentId=3724816&documentType=report&eventId=554427&navigation=external&utm_medium=referral&utm_source=mcp&rp=52,share_data,FY2026,2026-03-31,instant,Restrictions on Transfer,Class A Shares (1) - % of Class,0.07,pct,0,0,28,
company,3724816,52,https://web.quartr.com/companies/21558?companyId=21558&documentId=3724816&documentType=report&eventId=554427&navigation=external&utm_medium=referral&utm_source=mcp&rp=52,share_data,FY2026,2026-03-31,instant,Restrictions on Transfer,Class B Shares (3) - # of Securities Subject to Contractual Restriction on Transfer,79800000,shares,0,0,29,
company,3724816,52,https://web.quartr.com/companies/21558?companyId=21558&documentId=3724816&documentType=report&eventId=554427&navigation=external&utm_medium=referral&utm_source=mcp&rp=52,share_data,FY2026,2026-03-31,instant,Restrictions on Transfer,Class B Shares (3) - % of Class,100,pct,0,0,30,
company,3724816,52,https://web.quartr.com/companies/21558?companyId=21558&documentId=3724816&documentType=report&eventId=554427&navigation=external&utm_medium=referral&utm_source=mcp&rp=52,share_data,IPO closing,2025-10-15,instant,Restrictions on Transfer,Class A Shares subject to 180-day IPO lock-up agreements,16439750,shares,0,0,5,"lock-up expired 2026-04-13; on 2026-02-17 the lead underwriters waived the restriction for the 16,400,000 Selling Shareholder shares"
company,3724816,55,https://web.quartr.com/companies/21558?companyId=21558&documentId=3724816&documentType=report&eventId=554427&navigation=external&utm_medium=referral&utm_source=mcp&rp=55,share_data,FY2026,2026-03-31,instant,Directors and Officers of Rockpoint,Class A Shares beneficially owned or controlled by directors and executive officers as a group,40245,shares,0,0,31,"as at the AIF date, 2026-05-28"
company,3724816,55,https://web.quartr.com/companies/21558?companyId=21558&documentId=3724816&documentType=report&eventId=554427&navigation=external&utm_medium=referral&utm_source=mcp&rp=55,share_data,FY2026,2026-03-31,instant,Directors and Officers of Rockpoint,directors and executive officers as a group - approximate % of outstanding Class A Shares,0.08,pct,0,0,32,
company,3724816,5,https://web.quartr.com/companies/21558?companyId=21558&documentId=3724816&documentType=report&eventId=554427&navigation=external&utm_medium=referral&utm_source=mcp&rp=5,share_data,FY2026,2026-03-31,instant,Intercorporate Relationships - Rockpoint Gas Storage,Brookfield share of the outstanding Class B Shares,100,pct,0,0,33,
company,3724816,5,https://web.quartr.com/companies/21558?companyId=21558&documentId=3724816&documentType=report&eventId=554427&navigation=external&utm_medium=referral&utm_source=mcp&rp=5,share_data,FY2026,2026-03-31,instant,Intercorporate Relationships - Rockpoint Gas Storage,Brookfield share of the aggregate number of outstanding Shares and voting interests in the Company,60,pct,0,0,34,
company,3724816,5,https://web.quartr.com/companies/21558?companyId=21558&documentId=3724816&documentType=report&eventId=554427&navigation=external&utm_medium=referral&utm_source=mcp&rp=5,share_data,FY2026,2026-03-31,instant,Intercorporate Relationships - Rockpoint Gas Storage,Brookfield share of the outstanding OpCo Interests,60,pct,0,0,35,
company,3724816,5,https://web.quartr.com/companies/21558?companyId=21558&documentId=3724816&documentType=report&eventId=554427&navigation=external&utm_medium=referral&utm_source=mcp&rp=5,share_data,FY2026,2026-03-31,instant,Intercorporate Relationships - Rockpoint Gas Storage,public share of the aggregate number of outstanding Shares and voting interests in the Company,40,pct,0,0,36,the public owns all of the outstanding Class A Shares
company,3724816,5,https://web.quartr.com/companies/21558?companyId=21558&documentId=3724816&documentType=report&eventId=554427&navigation=external&utm_medium=referral&utm_source=mcp&rp=5,share_data,FY2026,2026-03-31,instant,Intercorporate Relationships - Rockpoint Gas Storage,the Company's share of the outstanding OpCo Interests,40,pct,0,0,37,"direct 40% of OpCo Interests, giving indirect 40% of the other Rockpoint Gas Storage entities"
company,3724816,6,https://web.quartr.com/companies/21558?companyId=21558&documentId=3724816&documentType=report&eventId=554427&navigation=external&utm_medium=referral&utm_source=mcp&rp=6,share_data,FY2026,2026-03-31,instant,Corporate organizational chart,BIP BIF II U.S. Holdings (Delaware) LLC interest in BIF II CalGas (Delaware) LLC,36.37,pct,0,0,38,"chart text is heavily scrambled by the PDF extractor; 36.37 + 23.63 = 60.00 for each OpCo, consistent with the narrative"
company,3724816,6,https://web.quartr.com/companies/21558?companyId=21558&documentId=3724816&documentType=report&eventId=554427&navigation=external&utm_medium=referral&utm_source=mcp&rp=6,share_data,FY2026,2026-03-31,instant,Corporate organizational chart,BIF II CalGas Carry (Delaware) LLC interest in BIF II CalGas (Delaware) LLC,23.63,pct,0,0,39,see above
company,3724816,6,https://web.quartr.com/companies/21558?companyId=21558&documentId=3724816&documentType=report&eventId=554427&navigation=external&utm_medium=referral&utm_source=mcp&rp=6,share_data,FY2026,2026-03-31,instant,Corporate organizational chart,BIP BIF II Swan AIV LP interest in Swan Equity Aggregator LP,36.37,pct,0,0,40,see above
company,3724816,6,https://web.quartr.com/companies/21558?companyId=21558&documentId=3724816&documentType=report&eventId=554427&navigation=external&utm_medium=referral&utm_source=mcp&rp=6,share_data,FY2026,2026-03-31,instant,Corporate organizational chart,Swan Equity Carry LP interest in Swan Equity Aggregator LP,23.63,pct,0,0,41,see above
company,3724816,60,https://web.quartr.com/companies/21558?companyId=21558&documentId=3724816&documentType=report&eventId=554427&navigation=external&utm_medium=referral&utm_source=mcp&rp=60,note_other,FY2026,2026-03-31,FY,"Audit, Audit-Related and Non-Audit Services",Audit Fees (1),806652,usd,0,0,4,fees billed to the Business by Deloitte LLP
company,3724816,60,https://web.quartr.com/companies/21558?companyId=21558&documentId=3724816&documentType=report&eventId=554427&navigation=external&utm_medium=referral&utm_source=mcp&rp=60,note_other,FY2026,2026-03-31,FY,"Audit, Audit-Related and Non-Audit Services",Audit-Related Fees (2),587848,usd,0,0,5,
company,3724816,60,https://web.quartr.com/companies/21558?companyId=21558&documentId=3724816&documentType=report&eventId=554427&navigation=external&utm_medium=referral&utm_source=mcp&rp=60,note_other,FY2026,2026-03-31,FY,"Audit, Audit-Related and Non-Audit Services",Tax Fees (3),0,usd,0,0,6,printed as Nil
company,3724816,60,https://web.quartr.com/companies/21558?companyId=21558&documentId=3724816&documentType=report&eventId=554427&navigation=external&utm_medium=referral&utm_source=mcp&rp=60,note_other,FY2026,2026-03-31,FY,"Audit, Audit-Related and Non-Audit Services",All Other Fees (4),0,usd,0,0,7,printed as Nil
