group_id,category,subcategory,description,basis,annual_volume,fnd_brand,fnd_sku,fnd_price_as_quoted,fnd_uom,fnd_pack_coverage,fnd_promo_price,fnd_unit_price,fnd_match_tier,fnd_in_stock,fnd_counted,hd_brand,hd_sku,hd_price_as_quoted,hd_uom,hd_pack_coverage,hd_promo_price,hd_unit_price,hd_match_tier,hd_in_stock,hd_counted,lw_brand,lw_sku,lw_price_as_quoted,lw_uom,lw_pack_coverage,lw_promo_price,lw_unit_price,lw_match_tier,lw_in_stock,lw_counted,mnd_brand,mnd_sku,mnd_price_as_quoted,mnd_uom,mnd_pack_coverage,mnd_promo_price,mnd_unit_price,mnd_match_tier,mnd_in_stock,mnd_counted,tsh_brand,tsh_sku,tsh_price_as_quoted,tsh_uom,tsh_pack_coverage,tsh_promo_price,tsh_unit_price,tsh_match_tier,tsh_in_stock,tsh_counted,market_min,gap_vs_market_min,outcome,cheapest_retailer
G0001,Luxury Vinyl Plank,Glue Down LVP,Glue Down LVP - Ashford rigid core 28,sq_ft,181026.0,NuCore,FLO-825995,2.49,per_sq_ft,,,2.49,base,yes,yes,Home Decorators Collection,HOM-171741,88.99,per_box,29.69,,2.9973,equivalent,yes,yes,SMARTCORE,LOW-123968,2.59,per_sq_ft,,,2.59,equivalent,yes,yes,,,,,,,,not carried,,no,Kismet,TIL-954814,2.99,per_sq_ft,,2.49,2.49,equivalent,yes,yes,2.49,0.0,tie,floor_and_decor
G0002,Luxury Vinyl Plank,SPC Rigid Core,SPC Rigid Core - Windsor SPC 6,sq_ft,232102.0,NuCore,FLO-477055,1.89,per_sq_ft,,,1.89,base,yes,yes,LifeProof,HOM-407212,2.09,per_sq_ft,,,2.09,equivalent,yes,yes,,,,,,,,not carried,,no,Patrician,MEN-987351,62.99,per_box,29.39,,2.1432,equivalent,yes,yes,Superior,TIL-202014,2.19,per_sq_ft,,,2.19,equivalent,no,no,2.09,-0.0957,win,floor_and_decor
G0003,Luxury Vinyl Plank,Glue Down LVP,Glue Down LVP - Bergamo WPC 22,sq_ft,144948.0,Mohawk,FLO-232739,4.79,per_sq_ft,,,4.79,base,yes,yes,,,,,,,,not carried,,no,Mohawk,LOW-140449,87.97,per_case,17.58,,5.004,exact,yes,yes,Mohawk,MEN-913193,109.98,per_box,23.21,,4.7385,exact,yes,yes,Mohawk,TIL-124862,5.29,per_sq_ft,,,5.29,exact,yes,yes,4.7385,0.0109,loss,menards
G0004,Luxury Vinyl Plank,WPC Rigid Core,WPC Rigid Core - Nordic rigid core 20,sq_ft,153834.0,NuCore,FLO-308602,3.79,per_sq_ft,,3.09,3.09,base,yes,yes,LifeProof,HOM-465538,82.99,per_box,20.06,,4.1371,equivalent,yes,yes,Origin 21,LOW-829524,91.97,per_case,19.77,,4.652,equivalent,yes,yes,,,,,,,,not carried,,no,,,,,,,,not carried,,no,4.1371,-0.2531,win,floor_and_decor
G0005,Luxury Vinyl Plank,Waterproof LVP,Waterproof LVP - Stonehaven WPC 12,sq_ft,56423.0,AquaGuard,FLO-856178,4.59,per_sq_ft,,3.69,3.69,base,yes,yes,LifeProof,HOM-465878,93.97,per_box,18.67,,5.0332,equivalent,yes,yes,SMARTCORE,LOW-400454,104.98,per_case,19.67,,5.3371,equivalent,yes,yes,Dakota,MEN-973112,5.79,per_sq_ft,,,5.79,equivalent,no,no,Marmi,TIL-251559,86.97,per_case,16.48,,5.2773,equivalent,yes,yes,5.0332,-0.2669,win,floor_and_decor
G0006,Luxury Vinyl Plank,Waterproof LVP,Waterproof LVP - Blackwater rigid core 20,sq_ft,107649.0,Shaw,FLO-449569,4.39,per_sq_ft,,,4.39,base,yes,yes,Shaw,HOM-875721,4.79,per_sq_ft,,,4.79,exact,yes,yes,Shaw,LOW-401803,82.97,per_case,17.69,,4.6902,exact,yes,yes,Shaw,MEN-935423,4.69,per_sq_ft,,,4.69,exact,yes,yes,Shaw,TIL-868559,4.99,per_sq_ft,,,4.99,exact,yes,yes,4.69,-0.064,win,floor_and_decor
G0007,Luxury Vinyl Plank,SPC Rigid Core,SPC Rigid Core - Oakmont WPC 22,sq_ft,76661.0,AquaGuard,FLO-734269,2.79,per_sq_ft,,,2.79,base,yes,yes,LifeProof,HOM-260986,3.09,per_sq_ft,,,3.09,equivalent,no,no,Origin 21,LOW-410298,68.99,per_case,22.1,,3.1217,equivalent,yes,yes,Dakota,MEN-126824,64.97,per_box,19.16,,3.3909,equivalent,yes,yes,Rush River,TIL-582617,87.97,per_case,27.02,,3.2557,equivalent,yes,yes,3.1217,-0.1063,win,floor_and_decor
G0008,Luxury Vinyl Plank,WPC Rigid Core,WPC Rigid Core - Vintage Elm WPC 28,sq_ft,233094.0,AquaGuard,FLO-992868,4.49,per_sq_ft,,,4.49,base,yes,yes,LifeProof,HOM-454599,5.99,per_sq_ft,,,5.99,equivalent,yes,yes,Origin 21,LOW-400315,4.99,per_sq_ft,,,4.99,equivalent,yes,yes,Patrician,MEN-142486,5.59,per_sq_ft,,,5.59,equivalent,yes,yes,,,,,,,,not carried,,no,4.99,-0.1002,win,floor_and_decor
G0009,Luxury Vinyl Plank,Waterproof LVP,Waterproof LVP - Zermatt WPC 20,sq_ft,146770.0,AquaGuard,FLO-398539,3.39,per_sq_ft,,,3.39,base,yes,yes,LifeProof,HOM-270165,4.09,per_sq_ft,,,4.09,equivalent,yes,yes,Origin 21,LOW-241601,77.99,per_case,18.27,,4.2687,equivalent,yes,yes,Masterforce,MEN-867195,99.98,per_box,28.0,79.99,2.8568,equivalent,yes,yes,Kismet,TIL-981810,4.59,per_sq_ft,,,4.59,equivalent,yes,yes,2.8568,0.1866,loss,menards
G0010,Luxury Vinyl Plank,SPC Rigid Core,SPC Rigid Core - Stonehaven WPC 12,sq_ft,113210.0,Mohawk,FLO-642882,3.49,per_sq_ft,,,3.49,base,yes,yes,Mohawk,HOM-147632,88.97,per_box,24.11,,3.6902,exact,yes,yes,Mohawk,LOW-691213,3.69,per_sq_ft,,,3.69,exact,yes,yes,Mohawk,MEN-117031,3.59,per_sq_ft,,,3.59,exact,yes,yes,,,,,,,,not carried,,no,3.59,-0.0279,win,floor_and_decor
G0011,Luxury Vinyl Plank,SPC Rigid Core,SPC Rigid Core - Harbor Oak WPC 12,sq_ft,163958.0,DuraLux,FLO-938573,2.59,per_sq_ft,,,2.59,base,yes,yes,Home Decorators Collection,HOM-482875,55.99,per_box,20.21,,2.7704,equivalent,yes,yes,Origin 21,LOW-311085,58.97,per_case,21.41,,2.7543,equivalent,yes,yes,Patrician,MEN-610609,57.98,per_box,18.57,,3.1222,equivalent,yes,yes,Superior,TIL-111124,93.97,per_case,25.9,,3.6282,equivalent,no,no,2.7543,-0.0597,win,floor_and_decor
G0012,Luxury Vinyl Plank,Waterproof LVP,Waterproof LVP - Zermatt rigid core 12,sq_ft,192148.0,DuraLux,FLO-236422,3.19,per_sq_ft,,,3.19,base,yes,yes,Home Decorators Collection,HOM-417607,3.39,per_sq_ft,,,3.39,equivalent,yes,yes,SMARTCORE,LOW-339933,3.79,per_sq_ft,,,3.79,equivalent,yes,yes,Patrician,MEN-437548,71.99,per_box,18.92,,3.805,equivalent,yes,yes,Superior,TIL-744806,3.79,per_sq_ft,,,3.79,equivalent,yes,yes,3.39,-0.059,win,floor_and_decor
G0013,Luxury Vinyl Plank,SPC Rigid Core,SPC Rigid Core - Umber rigid core 22,sq_ft,54349.0,AquaGuard,FLO-932397,2.09,per_sq_ft,,,2.09,base,yes,yes,TrafficMaster,HOM-809247,49.99,per_box,20.09,,2.4883,equivalent,yes,yes,Origin 21,LOW-382000,2.39,per_sq_ft,,,2.39,equivalent,yes,yes,Tuscany,MEN-148538,50.98,per_box,21.37,,2.3856,equivalent,yes,yes,Superior,TIL-303359,63.97,per_case,23.2,,2.7573,close,yes,yes,2.3856,-0.1239,win,floor_and_decor
G0014,Luxury Vinyl Plank,SPC Rigid Core,SPC Rigid Core - Thornbury WPC 20,sq_ft,192652.0,Pergo,FLO-369946,4.69,per_sq_ft,,,4.69,base,yes,yes,Pergo,HOM-740249,90.97,per_box,18.39,,4.9467,exact,yes,yes,Pergo,LOW-651458,88.97,per_case,18.14,,4.9046,exact,yes,yes,Pergo,MEN-635462,109.98,per_box,24.01,,4.5806,exact,yes,yes,,,,,,,,not carried,,no,4.5806,0.0239,loss,menards
G0015,Luxury Vinyl Plank,Glue Down LVP,Glue Down LVP - Blackwater rigid core 6,sq_ft,211980.0,AquaGuard,FLO-175634,4.29,per_sq_ft,,,4.29,base,yes,yes,LifeProof,HOM-544867,104.98,per_box,22.88,,4.5883,equivalent,yes,yes,Style Selections,LOW-934709,4.99,per_sq_ft,,,4.99,equivalent,no,no,,,,,,,,not carried,,no,,,,,,,,not carried,,no,4.5883,-0.065,win,floor_and_decor
G0016,Luxury Vinyl Plank,Waterproof LVP,Waterproof LVP - Maplewood rigid core 22,sq_ft,203747.0,AquaGuard,FLO-336394,4.39,per_sq_ft,,,4.39,base,yes,yes,TrafficMaster,HOM-146833,124.98,per_box,22.22,,5.6247,equivalent,yes,yes,SMARTCORE,LOW-386479,5.39,per_sq_ft,,4.09,4.09,equivalent,yes,yes,Dakota,MEN-540878,129.98,per_box,26.78,99.98,3.7334,equivalent,yes,yes,Marmi,TIL-629610,104.98,per_case,20.1,85.99,4.2781,equivalent,yes,yes,3.7334,0.1759,loss,menards
G0017,Luxury Vinyl Plank,SPC Rigid Core,SPC Rigid Core - Oakmont WPC 6,sq_ft,64460.0,DuraLux,FLO-842833,3.29,per_sq_ft,,,3.29,base,yes,yes,TrafficMaster,HOM-480556,4.19,per_sq_ft,,,4.19,equivalent,yes,yes,Style Selections,LOW-180288,95.98,per_case,22.94,,4.184,equivalent,yes,yes,Masterforce,MEN-890577,3.49,per_sq_ft,,2.99,2.99,equivalent,no,no,Rush River,TIL-459191,104.98,per_case,27.31,81.97,3.0015,equivalent,yes,yes,3.0015,0.0961,loss,tile_shop
G0018,Luxury Vinyl Plank,Waterproof LVP,Waterproof LVP - Pembroke SPC 22,sq_ft,19092.0,Shaw,FLO-147780,3.69,per_sq_ft,,,3.69,base,yes,yes,Shaw,HOM-934738,94.98,per_box,22.96,,4.1368,exact,no,no,Shaw,LOW-208649,3.89,per_sq_ft,,,3.89,exact,yes,yes,Shaw,MEN-166420,3.99,per_sq_ft,,,3.99,exact,yes,yes,Shaw,TIL-878691,4.29,per_sq_ft,,,4.29,exact,yes,yes,3.89,-0.0514,win,floor_and_decor
G0019,Luxury Vinyl Plank,SPC Rigid Core,SPC Rigid Core - Sierra WPC 12,sq_ft,246749.0,DuraLux,FLO-567657,2.79,per_sq_ft,,,2.79,base,yes,yes,TrafficMaster,HOM-218132,3.09,per_sq_ft,,2.59,2.59,equivalent,yes,yes,Origin 21,LOW-951132,2.99,per_sq_ft,,,2.99,equivalent,yes,yes,Dakota,MEN-744501,3.09,per_sq_ft,,,3.09,equivalent,yes,yes,Superior,TIL-580645,64.99,per_case,18.49,,3.5149,equivalent,yes,yes,2.59,0.0772,loss,home_depot
G0020,Luxury Vinyl Plank,Glue Down LVP,Glue Down LVP - Bianco rigid core 22,sq_ft,205990.0,COREtec,FLO-505367,3.29,per_sq_ft,,,3.29,base,yes,yes,COREtec,HOM-894445,3.39,per_sq_ft,,,3.39,exact,yes,yes,COREtec,LOW-845241,68.98,per_case,19.54,,3.5302,exact,yes,yes,COREtec,MEN-874345,3.49,per_sq_ft,,,3.49,exact,yes,yes,COREtec,TIL-523814,92.99,per_case,25.72,,3.6155,exact,yes,yes,3.39,-0.0295,win,floor_and_decor
G0021,Luxury Vinyl Plank,WPC Rigid Core,WPC Rigid Core - Espresso SPC 12,sq_ft,156612.0,NuCore,FLO-821638,4.29,per_sq_ft,,3.99,3.99,base,yes,yes,TrafficMaster,HOM-545457,4.59,per_sq_ft,,,4.59,equivalent,yes,yes,Style Selections,LOW-373026,4.79,per_sq_ft,,,4.79,equivalent,yes,yes,Masterforce,MEN-154810,4.89,per_sq_ft,,4.09,4.09,equivalent,yes,yes,Kismet,TIL-664745,5.89,per_sq_ft,,,5.89,equivalent,yes,yes,4.09,-0.0244,win,floor_and_decor
G0022,Luxury Vinyl Plank,WPC Rigid Core,WPC Rigid Core - Yorkshire rigid core 6,sq_ft,177638.0,NuCore,FLO-415562,2.49,per_sq_ft,,,2.49,base,yes,yes,TrafficMaster,HOM-875916,51.99,per_box,19.32,,2.691,equivalent,yes,yes,SMARTCORE,LOW-675999,57.98,per_case,20.44,50.98,2.4941,equivalent,yes,yes,Tuscany,MEN-238884,61.99,per_box,20.69,,2.9961,equivalent,yes,yes,Superior,TIL-347696,52.98,per_case,17.71,45.97,2.5957,equivalent,yes,yes,2.4941,-0.0016,tie,floor_and_decor
G0023,Luxury Vinyl Plank,Glue Down LVP,Glue Down LVP - Coastal Grey WPC 6,sq_ft,64412.0,NuCore,FLO-618502,4.79,per_sq_ft,,,4.79,base,yes,yes,TrafficMaster,HOM-817003,5.99,per_sq_ft,,4.69,4.69,equivalent,yes,yes,Origin 21,LOW-311904,87.98,per_case,16.62,,5.2936,equivalent,yes,yes,Dakota,MEN-809181,6.19,per_sq_ft,,4.79,4.79,equivalent,yes,yes,Marmi,TIL-567110,98.98,per_case,16.73,,5.9163,equivalent,yes,yes,4.69,0.0213,loss,home_depot
G0024,Luxury Vinyl Plank,Waterproof LVP,Waterproof LVP - Kingsport SPC 12,sq_ft,152137.0,DuraLux,FLO-268494,4.49,per_sq_ft,,,4.49,base,yes,yes,LifeProof,HOM-661867,5.09,per_sq_ft,,4.19,4.19,equivalent,yes,yes,Origin 21,LOW-931578,109.98,per_case,21.51,,5.113,close,yes,yes,Dakota,MEN-360245,139.98,per_box,29.65,,4.7211,equivalent,yes,yes,Superior,TIL-246363,5.79,per_sq_ft,,,5.79,equivalent,yes,yes,4.19,0.0716,loss,home_depot
G0025,Luxury Vinyl Plank,WPC Rigid Core,WPC Rigid Core - Bergamo WPC 28,sq_ft,247080.0,DuraLux,FLO-563704,2.89,per_sq_ft,,,2.89,base,yes,yes,Home Decorators Collection,HOM-353798,3.19,per_sq_ft,,,3.19,equivalent,yes,yes,Style Selections,LOW-493622,54.97,per_case,17.25,47.99,2.782,equivalent,yes,yes,Dakota,MEN-415242,3.29,per_sq_ft,,,3.29,equivalent,yes,yes,Marmi,TIL-999769,3.69,per_sq_ft,,,3.69,equivalent,yes,yes,2.782,0.0388,loss,lowes
G0026,Luxury Vinyl Plank,Glue Down LVP,Glue Down LVP - Fieldstone WPC 20,sq_ft,240188.0,NuCore,FLO-441179,4.99,per_sq_ft,,3.79,3.79,base,yes,yes,TrafficMaster,HOM-270497,114.98,per_box,22.27,,5.163,equivalent,yes,yes,Origin 21,LOW-453958,5.49,per_sq_ft,,,5.49,equivalent,yes,yes,Masterforce,MEN-615569,139.98,per_box,22.71,,6.1638,equivalent,yes,yes,Rush River,TIL-307477,174.98,per_case,26.42,,6.623,equivalent,yes,yes,5.163,-0.2659,win,floor_and_decor
G0027,Luxury Vinyl Plank,Glue Down LVP,Glue Down LVP - Ivory rigid core 20,sq_ft,212609.0,AquaGuard,FLO-829501,3.19,per_sq_ft,,,3.19,base,yes,yes,Home Decorators Collection,HOM-326659,3.89,per_sq_ft,,,3.89,equivalent,yes,yes,SMARTCORE,LOW-344190,99.98,per_case,27.26,,3.6676,equivalent,yes,yes,Patrician,MEN-361175,76.98,per_box,22.33,,3.4474,equivalent,yes,yes,Rush River,TIL-618065,4.49,per_sq_ft,,3.59,3.59,equivalent,yes,yes,3.4474,-0.0747,win,floor_and_decor
G0028,Luxury Vinyl Plank,Glue Down LVP,Glue Down LVP - Alabaster SPC 12,sq_ft,132973.0,DuraLux,FLO-641158,2.09,per_sq_ft,,,2.09,base,yes,yes,Home Decorators Collection,HOM-313176,2.69,per_sq_ft,,,2.69,equivalent,yes,yes,Origin 21,LOW-335560,64.97,per_case,26.93,57.97,2.1526,equivalent,yes,yes,Masterforce,MEN-966139,47.97,per_box,19.14,,2.5063,equivalent,yes,yes,Superior,TIL-680333,68.98,per_case,25.45,57.98,2.2782,equivalent,no,no,2.1526,-0.0291,win,floor_and_decor
G0029,Luxury Vinyl Plank,Waterproof LVP,Waterproof LVP - Autumn Hollow SPC 12,sq_ft,212904.0,NuCore,FLO-280449,1.79,per_sq_ft,,,1.79,base,yes,yes,LifeProof,HOM-492650,1.99,per_sq_ft,,,1.99,equivalent,yes,yes,Origin 21,LOW-975615,2.19,per_sq_ft,,,2.19,equivalent,yes,yes,Masterforce,MEN-479475,38.99,per_box,20.33,32.98,1.6222,equivalent,yes,yes,Kismet,TIL-433960,52.99,per_case,25.28,,2.0961,equivalent,yes,yes,1.6222,0.1034,loss,menards
G0030,Luxury Vinyl Plank,WPC Rigid Core,WPC Rigid Core - Granite Peak WPC 12,sq_ft,195088.0,DuraLux,FLO-656982,4.29,per_sq_ft,,,4.29,base,yes,yes,Home Decorators Collection,HOM-874259,4.69,per_sq_ft,,,4.69,equivalent,yes,yes,SMARTCORE,LOW-258285,124.98,per_case,22.77,,5.4888,equivalent,yes,yes,,,,,,,,not carried,,no,Kismet,TIL-556657,5.39,per_sq_ft,,,5.39,equivalent,yes,yes,4.69,-0.0853,win,floor_and_decor
G0031,Laminate,Waterproof Laminate,Waterproof Laminate - Fieldstone 4 7,sq_ft,91308.0,Quick-Step,FLO-455296,2.19,per_sq_ft,,1.99,1.99,base,yes,yes,Quick-Step,HOM-935024,2.39,per_sq_ft,,,2.39,exact,yes,yes,Quick-Step,LOW-447151,2.39,per_sq_ft,,,2.39,exact,yes,yes,Quick-Step,MEN-691669,45.98,per_case,20.46,,2.2473,exact,yes,yes,,,,,,,,not carried,,no,2.2473,-0.1145,win,floor_and_decor
G0032,Laminate,Waterproof Laminate,Waterproof Laminate - Sundance 4 12,sq_ft,157778.0,Sono Eclipse,FLO-906922,2.99,per_sq_ft,,,2.99,base,yes,yes,TrafficMaster,HOM-290666,3.19,per_sq_ft,,2.89,2.89,equivalent,yes,yes,allen + roth,LOW-304592,59.97,per_case,19.17,53.98,2.8159,equivalent,yes,yes,Masterforce,MEN-183020,3.09,per_sq_ft,,,3.09,equivalent,yes,yes,,,,,,,,not carried,,no,2.8159,0.0618,loss,lowes
G0033,Laminate,Water Resistant Laminate,Water Resistant Laminate - Coastal Grey 3 7,sq_ft,63538.0,Sono Eclipse,FLO-788574,2.59,per_sq_ft,,,2.59,base,yes,yes,Home Decorators Collection,HOM-242956,2.79,per_sq_ft,,,2.79,equivalent,yes,yes,Style Selections,LOW-676718,3.09,per_sq_ft,,,3.09,equivalent,no,no,Tuscany,MEN-804732,2.69,per_sq_ft,,,2.69,equivalent,yes,yes,,,,,,,,not carried,,no,2.69,-0.0372,win,floor_and_decor
G0034,Laminate,Water Resistant Laminate,Water Resistant Laminate - Saxony 5 7,sq_ft,49772.0,AquaGuard,FLO-141259,2.29,per_sq_ft,,,2.29,base,yes,yes,TrafficMaster,HOM-863626,2.69,per_sq_ft,,,2.69,equivalent,yes,yes,allen + roth,LOW-524442,49.97,per_case,19.16,,2.608,equivalent,yes,yes,Patrician,MEN-417317,2.29,per_sq_ft,,1.99,1.99,equivalent,yes,yes,,,,,,,,not carried,,no,1.99,0.1508,loss,menards
G0035,Laminate,Water Resistant Laminate,Water Resistant Laminate - Pembroke 5 7,sq_ft,179784.0,AquaGuard,FLO-490930,1.49,per_sq_ft,,,1.49,base,yes,yes,Home Decorators Collection,HOM-442940,1.59,per_sq_ft,,1.29,1.29,equivalent,yes,yes,allen + roth,LOW-264804,1.89,per_sq_ft,,,1.89,equivalent,yes,yes,Tuscany,MEN-833972,1.79,per_sq_ft,,,1.79,equivalent,yes,yes,,,,,,,,not carried,,no,1.29,0.155,loss,home_depot
G0036,Laminate,Waterproof Laminate,Waterproof Laminate - Slate Creek 4 10,sq_ft,179213.0,Sono Eclipse,FLO-192000,2.49,per_sq_ft,,,2.49,base,yes,yes,TrafficMaster,HOM-826025,51.97,per_case,19.69,41.99,2.1326,equivalent,yes,yes,Style Selections,LOW-492565,3.09,per_sq_ft,,,3.09,equivalent,yes,yes,Masterforce,MEN-686739,2.99,per_sq_ft,,,2.99,equivalent,yes,yes,,,,,,,,not carried,,no,2.1326,0.1676,loss,home_depot
G0037,Laminate,Water Resistant Laminate,Water Resistant Laminate - Umber 3 8,sq_ft,10355.0,Sono Eclipse,FLO-543688,1.79,per_sq_ft,,,1.79,base,yes,yes,TrafficMaster,HOM-650443,30.98,per_case,16.41,,1.8879,close,yes,yes,Style Selections,LOW-720706,2.09,per_sq_ft,,,2.09,equivalent,yes,yes,Tuscany,MEN-727741,1.89,per_sq_ft,,,1.89,equivalent,yes,yes,,,,,,,,not carried,,no,1.8879,-0.0519,win,floor_and_decor
G0038,Laminate,Waterproof Laminate,Waterproof Laminate - Cedar Point 4 12,sq_ft,18181.0,Sono Eclipse,FLO-120134,2.39,per_sq_ft,,,2.39,base,yes,yes,TrafficMaster,HOM-443163,49.97,per_case,18.96,,2.6355,equivalent,yes,yes,allen + roth,LOW-745093,2.59,per_sq_ft,,,2.59,equivalent,yes,yes,Patrician,MEN-876841,60.99,per_case,21.12,,2.8878,equivalent,yes,yes,,,,,,,,not carried,,no,2.59,-0.0772,win,floor_and_decor
G0039,Laminate,Water Resistant Laminate,Water Resistant Laminate - Windsor 5 10,sq_ft,70810.0,Sono Eclipse,FLO-114079,1.89,per_sq_ft,,,1.89,base,yes,yes,TrafficMaster,HOM-805579,2.09,per_sq_ft,,,2.09,equivalent,yes,yes,Style Selections,LOW-272202,43.98,per_case,20.35,,2.1612,equivalent,yes,yes,Tuscany,MEN-120109,2.39,per_sq_ft,,,2.39,equivalent,yes,yes,,,,,,,,not carried,,no,2.09,-0.0957,win,floor_and_decor
G0040,Laminate,Waterproof Laminate,Waterproof Laminate - Coastal Grey 5 12,sq_ft,18195.0,Mohawk,FLO-740499,3.39,per_sq_ft,,,3.39,base,yes,yes,Mohawk,HOM-366227,75.98,per_case,21.4,,3.5505,exact,yes,yes,Mohawk,LOW-301699,3.49,per_sq_ft,,,3.49,exact,yes,yes,Mohawk,MEN-665052,64.99,per_case,18.88,53.98,2.8591,exact,no,no,,,,,,,,not carried,,no,3.49,-0.0287,win,floor_and_decor
G0041,Laminate,Waterproof Laminate,Waterproof Laminate - Chelsea 4 7,sq_ft,33774.0,AquaGuard,FLO-419304,1.29,per_sq_ft,,,1.29,base,yes,yes,Home Decorators Collection,HOM-683447,1.49,per_sq_ft,,,1.49,equivalent,yes,yes,Style Selections,LOW-282726,23.99,per_case,17.93,,1.338,equivalent,yes,yes,Patrician,MEN-577812,27.98,per_case,21.86,,1.28,equivalent,no,no,,,,,,,,not carried,,no,1.338,-0.0359,win,floor_and_decor
G0042,Laminate,Waterproof Laminate,Waterproof Laminate - Willow Bend 4 7,sq_ft,42624.0,Sono Eclipse,FLO-585100,2.29,per_sq_ft,,,2.29,base,yes,yes,TrafficMaster,HOM-716587,54.99,per_case,22.43,,2.4516,equivalent,yes,yes,allen + roth,LOW-988722,2.79,per_sq_ft,,,2.79,equivalent,yes,yes,Masterforce,MEN-285171,2.89,per_sq_ft,,,2.89,equivalent,yes,yes,,,,,,,,not carried,,no,2.4516,-0.0659,win,floor_and_decor
G0043,Laminate,Waterproof Laminate,Waterproof Laminate - Willow Bend 5 8,sq_ft,113014.0,Sono Eclipse,FLO-765422,3.39,per_sq_ft,,,3.39,base,yes,yes,,,,,,,,not carried,,no,allen + roth,LOW-684456,4.09,per_sq_ft,,3.59,3.59,equivalent,yes,yes,Masterforce,MEN-384954,70.99,per_case,17.28,,4.1082,equivalent,yes,yes,,,,,,,,not carried,,no,3.59,-0.0557,win,floor_and_decor
G0044,Laminate,Water Resistant Laminate,Water Resistant Laminate - Carrara 4 12,sq_ft,40708.0,Sono Eclipse,FLO-500936,2.59,per_sq_ft,,,2.59,base,yes,yes,TrafficMaster,HOM-383442,3.39,per_sq_ft,,3.19,3.19,equivalent,yes,yes,Style Selections,LOW-726058,47.98,per_case,16.21,,2.9599,equivalent,yes,yes,Masterforce,MEN-674942,59.97,per_case,20.02,,2.9955,close,no,no,,,,,,,,not carried,,no,2.9599,-0.125,win,floor_and_decor
G0045,Laminate,Water Resistant Laminate,Water Resistant Laminate - Barnwood 4 12,sq_ft,106096.0,Mohawk,FLO-924677,2.19,per_sq_ft,,,2.19,base,yes,yes,Mohawk,HOM-596978,2.39,per_sq_ft,,,2.39,exact,yes,yes,Mohawk,LOW-437486,2.29,per_sq_ft,,,2.29,exact,yes,yes,,,,,,,,not carried,,no,,,,,,,,not carried,,no,2.29,-0.0437,win,floor_and_decor
G0046,Laminate,Standard Laminate,Standard Laminate - Whitewash 3 12,sq_ft,29385.0,Pergo,FLO-225600,2.39,per_sq_ft,,2.19,2.19,base,yes,yes,Pergo,HOM-921386,2.59,per_sq_ft,,,2.59,exact,yes,yes,Pergo,LOW-445390,55.98,per_case,21.92,,2.5538,exact,yes,yes,Pergo,MEN-889315,2.49,per_sq_ft,,,2.49,exact,yes,yes,,,,,,,,not carried,,no,2.49,-0.1205,win,floor_and_decor
G0047,Laminate,Water Resistant Laminate,Water Resistant Laminate - Sterling 3 10,sq_ft,159396.0,Sono Eclipse,FLO-150539,3.49,per_sq_ft,,,3.49,base,yes,yes,TrafficMaster,HOM-383078,97.99,per_case,23.22,,4.2201,equivalent,yes,yes,Style Selections,LOW-933990,71.99,per_case,18.06,,3.9862,close,yes,yes,Tuscany,MEN-966037,3.69,per_sq_ft,,,3.69,equivalent,yes,yes,,,,,,,,not carried,,no,3.69,-0.0542,win,floor_and_decor
G0048,Laminate,Water Resistant Laminate,Water Resistant Laminate - Charcoal 3 10,sq_ft,132972.0,AquaGuard,FLO-257707,2.29,per_sq_ft,,,2.29,base,yes,yes,Home Decorators Collection,HOM-220380,2.69,per_sq_ft,,,2.69,equivalent,yes,yes,Style Selections,LOW-358890,33.97,per_case,14.4,,2.359,equivalent,yes,yes,Tuscany,MEN-841954,2.39,per_sq_ft,,,2.39,equivalent,yes,yes,,,,,,,,not carried,,no,2.359,-0.0292,win,floor_and_decor
G0049,Engineered Hardwood,Click Engineered,Click Engineered - Copperfield white oak 3.0,sq_ft,48288.0,Sonoma,FLO-985042,6.49,per_sq_ft,,,6.49,base,yes,yes,Home Decorators Collection,HOM-801598,7.99,per_sq_ft,,,7.99,equivalent,yes,yes,Villa Barcelona,LOW-555679,6.89,per_sq_ft,,,6.89,close,yes,yes,Tuscany,MEN-566736,184.98,per_case,24.5,,7.5502,equivalent,yes,yes,,,,,,,,not carried,,no,6.89,-0.0581,win,floor_and_decor
G0050,Engineered Hardwood,Glue Down Engineered,Glue Down Engineered - Cedar Point birch 4.0,sq_ft,57976.0,Bruce,FLO-168252,4.09,per_sq_ft,,3.09,3.09,base,yes,yes,Bruce,HOM-835937,99.98,per_case,22.25,81.99,3.6849,exact,yes,yes,Bruce,LOW-116707,4.49,per_sq_ft,,,4.49,exact,yes,yes,Bruce,MEN-982533,104.98,per_case,24.59,80.97,3.2928,exact,yes,yes,,,,,,,,not carried,,no,3.2928,-0.0616,win,floor_and_decor
G0051,Engineered Hardwood,Wide Plank Engineered,Wide Plank Engineered - Windsor white oak 3.0,sq_ft,7683.0,AquaGuard Wood,FLO-295824,4.49,per_sq_ft,,,4.49,base,yes,yes,Home Decorators Collection,HOM-421567,5.29,per_sq_ft,,,5.29,equivalent,yes,yes,Villa Barcelona,LOW-470926,5.09,per_sq_ft,,4.09,4.09,close,yes,yes,Dakota,MEN-631108,139.98,per_case,25.48,,5.4937,close,no,no,,,,,,,,not carried,,no,4.09,0.0978,loss,lowes
G0052,Engineered Hardwood,Wide Plank Engineered,Wide Plank Engineered - Ivory hickory 2.0,sq_ft,62688.0,AquaGuard Wood,FLO-637431,6.09,per_sq_ft,,5.39,5.39,base,yes,yes,Home Decorators Collection,HOM-952215,164.98,per_case,24.9,,6.6257,close,yes,yes,Villa Barcelona,LOW-471048,164.98,per_case,26.1,149.98,5.7464,equivalent,no,no,Masterforce,MEN-456432,6.59,per_sq_ft,,,6.59,equivalent,yes,yes,,,,,,,,not carried,,no,6.59,-0.1821,win,floor_and_decor
G0053,Engineered Hardwood,Wide Plank Engineered,Wide Plank Engineered - Windsor red oak 3.0,sq_ft,27903.0,Willow Creek,FLO-559012,3.89,per_sq_ft,,,3.89,base,yes,yes,Malibu Wide Plank,HOM-402319,5.29,per_sq_ft,,,5.29,close,no,no,Villa Barcelona,LOW-599423,5.09,per_sq_ft,,,5.09,equivalent,yes,yes,Masterforce,MEN-696669,114.98,per_case,26.47,,4.3438,close,yes,yes,,,,,,,,not carried,,no,4.3438,-0.1045,win,floor_and_decor
G0054,Engineered Hardwood,Wide Plank Engineered,Wide Plank Engineered - Greystone birch 3.0,sq_ft,55125.0,Sonoma,FLO-152471,3.29,per_sq_ft,,2.79,2.79,base,yes,yes,Home Decorators Collection,HOM-236287,89.99,per_case,21.81,,4.1261,equivalent,yes,yes,allen + roth,LOW-385114,96.99,per_case,23.84,,4.0684,equivalent,yes,yes,Patrician,MEN-950723,99.98,per_case,23.49,,4.2563,equivalent,yes,yes,,,,,,,,not carried,,no,4.0684,-0.3142,win,floor_and_decor
G0055,Engineered Hardwood,Wide Plank Engineered,Wide Plank Engineered - Autumn Hollow red oak 4.0,sq_ft,46645.0,AquaGuard Wood,FLO-125331,4.29,per_sq_ft,,,4.29,base,yes,yes,Malibu Wide Plank,HOM-714509,4.89,per_sq_ft,,,4.89,equivalent,yes,yes,allen + roth,LOW-104542,139.98,per_case,25.56,,5.4765,equivalent,yes,yes,Patrician,MEN-356674,114.98,per_case,22.73,,5.0585,equivalent,yes,yes,,,,,,,,not carried,,no,4.89,-0.1227,win,floor_and_decor
G0056,Engineered Hardwood,Wide Plank Engineered,Wide Plank Engineered - Sandstone hickory 0.6,sq_ft,40648.0,AquaGuard Wood,FLO-101462,8.89,per_sq_ft,,,8.89,base,yes,yes,Home Decorators Collection,HOM-604746,239.98,per_case,22.48,,10.6753,equivalent,yes,yes,Villa Barcelona,LOW-943350,279.0,per_case,25.86,,10.7889,equivalent,yes,yes,Dakota,MEN-519511,10.98,per_sq_ft,,,10.98,equivalent,yes,yes,,,,,,,,not carried,,no,10.6753,-0.1672,win,floor_and_decor
G0057,Engineered Hardwood,Click Engineered,Click Engineered - Millbrook birch 2.0,sq_ft,37319.0,Sonoma,FLO-542443,4.19,per_sq_ft,,,4.19,base,yes,yes,Malibu Wide Plank,HOM-372902,5.09,per_sq_ft,,4.49,4.49,close,yes,yes,Villa Barcelona,LOW-950398,5.49,per_sq_ft,,,5.49,equivalent,yes,yes,Tuscany,MEN-833777,4.39,per_sq_ft,,,4.39,equivalent,yes,yes,,,,,,,,not carried,,no,4.39,-0.0456,win,floor_and_decor
G0058,Engineered Hardwood,Glue Down Engineered,Glue Down Engineered - Calacatta white oak 2.0,sq_ft,52835.0,Willow Creek,FLO-132873,4.29,per_sq_ft,,,4.29,base,yes,yes,Home Decorators Collection,HOM-345428,139.98,per_case,25.93,,5.3984,equivalent,no,no,Villa Barcelona,LOW-729988,5.49,per_sq_ft,,,5.49,close,yes,yes,Patrician,MEN-969665,149.98,per_case,28.24,,5.3109,close,yes,yes,,,,,,,,not carried,,no,5.3109,-0.1922,win,floor_and_decor
G0059,Engineered Hardwood,Click Engineered,Click Engineered - Cambridge birch 3.0,sq_ft,59690.0,Mannington,FLO-182318,6.99,per_sq_ft,,,6.99,base,yes,yes,Mannington,HOM-729151,7.29,per_sq_ft,,,7.29,exact,yes,yes,Mannington,LOW-727287,149.98,per_case,20.59,,7.2841,exact,yes,yes,Mannington,MEN-443114,199.98,per_case,26.1,,7.6621,exact,yes,yes,,,,,,,,not carried,,no,7.2841,-0.0404,win,floor_and_decor
G0060,Engineered Hardwood,Click Engineered,Click Engineered - Havana birch 3.0,sq_ft,61722.0,Sonoma,FLO-368078,7.59,per_sq_ft,,,7.59,base,yes,yes,Malibu Wide Plank,HOM-320481,9.49,per_sq_ft,,,9.49,equivalent,no,no,allen + roth,LOW-647463,209.98,per_case,23.68,,8.8674,equivalent,yes,yes,Patrician,MEN-372643,214.98,per_case,22.89,,9.3919,equivalent,yes,yes,,,,,,,,not carried,,no,8.8674,-0.1441,win,floor_and_decor
G0061,Engineered Hardwood,Wide Plank Engineered,Wide Plank Engineered - Amber Ridge birch 0.6,sq_ft,10213.0,AquaGuard Wood,FLO-561502,6.59,per_sq_ft,,,6.59,base,yes,yes,,,,,,,,not carried,,no,allen + roth,LOW-749098,8.39,per_sq_ft,,,8.39,equivalent,yes,yes,Patrician,MEN-877788,7.09,per_sq_ft,,,7.09,equivalent,yes,yes,,,,,,,,not carried,,no,7.09,-0.0705,win,floor_and_decor
G0062,Engineered Hardwood,Glue Down Engineered,Glue Down Engineered - Copperfield walnut 0.6,sq_ft,54920.0,AquaGuard Wood,FLO-848132,5.79,per_sq_ft,,,5.79,base,yes,yes,Home Decorators Collection,HOM-938106,164.98,per_case,26.53,,6.2186,equivalent,yes,yes,allen + roth,LOW-522208,194.98,per_case,27.84,,7.0036,equivalent,no,no,Patrician,MEN-904977,149.98,per_case,20.6,,7.2806,equivalent,yes,yes,,,,,,,,not carried,,no,6.2186,-0.0689,win,floor_and_decor
G0063,Engineered Hardwood,Glue Down Engineered,Glue Down Engineered - Alabaster red oak 2.0,sq_ft,62801.0,AquaGuard Wood,FLO-591609,7.49,per_sq_ft,,,7.49,base,yes,yes,Malibu Wide Plank,HOM-787406,209.98,per_case,25.49,,8.2377,equivalent,yes,yes,allen + roth,LOW-898982,144.98,per_case,18.35,,7.9008,equivalent,yes,yes,Patrician,MEN-170968,8.79,per_sq_ft,,,8.79,equivalent,yes,yes,,,,,,,,not carried,,no,7.9008,-0.052,win,floor_and_decor
G0064,Engineered Hardwood,Click Engineered,Click Engineered - Dunmore walnut 4.0,sq_ft,57666.0,Bruce,FLO-489016,4.99,per_sq_ft,,,4.99,base,yes,yes,Bruce,HOM-202718,5.29,per_sq_ft,,3.99,3.99,exact,yes,yes,Bruce,LOW-685347,5.09,per_sq_ft,,,5.09,exact,yes,yes,Bruce,MEN-783763,5.09,per_sq_ft,,,5.09,exact,yes,yes,,,,,,,,not carried,,no,3.99,0.2506,loss,home_depot
G0065,Solid Hardwood,Unfinished Solid,Unfinished Solid - Saxony birch 0.5,sq_ft,34431.0,Sonoma,FLO-791804,6.99,per_sq_ft,,,6.99,base,yes,yes,Home Decorators Collection,HOM-655440,179.98,per_case,22.31,,8.0672,equivalent,yes,yes,Villa Barcelona,LOW-633421,7.39,per_sq_ft,,5.99,5.99,equivalent,yes,yes,Dakota,MEN-104047,149.98,per_case,18.33,,8.1822,equivalent,yes,yes,,,,,,,,not carried,,no,5.99,0.1669,loss,lowes
G0066,Solid Hardwood,Prefinished Solid,Prefinished Solid - Nordic birch 0.5,sq_ft,37873.0,Sonoma,FLO-536693,5.49,per_sq_ft,,,5.49,base,yes,yes,Home Decorators Collection,HOM-992937,144.98,per_case,22.54,,6.4321,equivalent,yes,yes,,,,,,,,not carried,,no,Tuscany,MEN-263468,6.79,per_sq_ft,,,6.79,equivalent,yes,yes,,,,,,,,not carried,,no,6.4321,-0.1465,win,floor_and_decor
G0067,Solid Hardwood,Prefinished Solid,Prefinished Solid - Tidewater white oak 0.5,sq_ft,37609.0,Somerset,FLO-968276,9.19,per_sq_ft,,8.19,8.19,base,yes,yes,Somerset,HOM-118840,10.98,per_sq_ft,,,10.98,exact,yes,yes,Somerset,LOW-970352,9.49,per_sq_ft,,,9.49,exact,yes,yes,Somerset,MEN-492819,9.79,per_sq_ft,,8.99,8.99,exact,yes,yes,,,,,,,,not carried,,no,8.99,-0.089,win,floor_and_decor
G0068,Solid Hardwood,Prefinished Solid,Prefinished Solid - Bergamo birch 0.5,sq_ft,33958.0,Sonoma,FLO-378524,7.99,per_sq_ft,,,7.99,base,yes,yes,Malibu Wide Plank,HOM-806652,219.98,per_case,22.6,,9.7336,equivalent,yes,yes,allen + roth,LOW-368520,9.69,per_sq_ft,,,9.69,close,yes,yes,Patrician,MEN-707833,9.39,per_sq_ft,,,9.39,equivalent,yes,yes,,,,,,,,not carried,,no,9.39,-0.1491,win,floor_and_decor
G0069,Solid Hardwood,Prefinished Solid,Prefinished Solid - Meridian white oak 0.5,sq_ft,3821.0,Somerset,FLO-268025,3.69,per_sq_ft,,,3.69,base,yes,yes,Somerset,HOM-280557,91.97,per_case,22.61,,4.0677,exact,yes,yes,Somerset,LOW-777310,4.19,per_sq_ft,,3.69,3.69,exact,yes,yes,Somerset,MEN-190806,3.99,per_sq_ft,,,3.99,exact,yes,yes,,,,,,,,not carried,,no,3.69,0.0,tie,floor_and_decor
G0070,Solid Hardwood,Unfinished Solid,Unfinished Solid - Quarry red oak 0.75,sq_ft,14857.0,Founders,FLO-460314,7.19,per_sq_ft,,,7.19,base,yes,yes,Malibu Wide Plank,HOM-823011,174.98,per_case,20.96,,8.3483,equivalent,yes,yes,allen + roth,LOW-102305,8.59,per_sq_ft,,,8.59,equivalent,yes,yes,Patrician,MEN-846934,8.59,per_sq_ft,,,8.59,equivalent,yes,yes,,,,,,,,not carried,,no,8.3483,-0.1387,win,floor_and_decor
G0071,Solid Hardwood,Unfinished Solid,Unfinished Solid - Meridian red oak 0.5,sq_ft,15455.0,Sonoma,FLO-835489,7.69,per_sq_ft,,6.49,6.49,base,yes,yes,Home Decorators Collection,HOM-429846,9.39,per_sq_ft,,,9.39,equivalent,yes,yes,Villa Barcelona,LOW-924553,9.19,per_sq_ft,,,9.19,close,yes,yes,Dakota,MEN-264997,179.98,per_case,22.19,139.98,6.3082,equivalent,yes,yes,,,,,,,,not carried,,no,6.3082,0.0288,loss,menards
G0072,Solid Hardwood,Unfinished Solid,Unfinished Solid - Nordic hickory 0.5,sq_ft,43831.0,Founders,FLO-578973,6.19,per_sq_ft,,,6.19,base,yes,yes,Home Decorators Collection,HOM-144490,144.98,per_case,18.4,,7.8793,equivalent,yes,yes,Villa Barcelona,LOW-716646,7.29,per_sq_ft,,,7.29,equivalent,no,no,Masterforce,MEN-960519,6.49,per_sq_ft,,,6.49,equivalent,yes,yes,,,,,,,,not carried,,no,6.49,-0.0462,win,floor_and_decor
G0073,Solid Hardwood,Prefinished Solid,Prefinished Solid - Cambridge maple 0.75,sq_ft,34840.0,Sonoma,FLO-493876,3.89,per_sq_ft,,,3.89,base,yes,yes,Home Decorators Collection,HOM-907089,90.99,per_case,20.5,,4.4385,close,yes,yes,Villa Barcelona,LOW-462656,4.19,per_sq_ft,,,4.19,equivalent,yes,yes,Tuscany,MEN-612066,4.29,per_sq_ft,,3.69,3.69,equivalent,yes,yes,,,,,,,,not carried,,no,3.69,0.0542,loss,menards
G0074,Solid Hardwood,Prefinished Solid,Prefinished Solid - Yorkshire birch 0.75,sq_ft,13631.0,Sonoma,FLO-702833,4.79,per_sq_ft,,,4.79,base,yes,yes,Malibu Wide Plank,HOM-740388,104.98,per_case,19.38,,5.4169,close,yes,yes,Villa Barcelona,LOW-544618,5.59,per_sq_ft,,,5.59,equivalent,yes,yes,Patrician,MEN-420475,114.98,per_case,22.26,,5.1653,equivalent,yes,yes,,,,,,,,not carried,,no,5.1653,-0.0727,win,floor_and_decor
G0075,Porcelain Tile,Outdoor Paver,Outdoor Paver - Bianco porcelain 12x12,sq_ft,35970.0,Founders,FLO-720813,1.69,per_sq_ft,,,1.69,base,yes,yes,Home Decorators Collection,HOM-242618,1.99,per_sq_ft,,,1.99,equivalent,yes,yes,allen + roth,LOW-644884,1.79,per_tile,1.0,,1.79,equivalent,yes,yes,Tuscany,MEN-410115,39.99,per_case,21.84,34.98,1.6016,equivalent,yes,yes,Rush River,TIL-530312,2.19,per_tile,1.0,,2.19,equivalent,yes,yes,1.6016,0.0552,loss,menards
G0076,Porcelain Tile,Outdoor Paver,Outdoor Paver - Stonehaven porcelain 12x12,sq_ft,105389.0,Founders,FLO-934048,3.69,per_sq_ft,,,3.69,base,yes,yes,Home Decorators Collection,HOM-900874,4.49,per_sq_ft,,,4.49,equivalent,yes,yes,Satori,LOW-705132,4.39,per_sq_ft,,,4.39,equivalent,yes,yes,Tuscany,MEN-406846,60.98,per_case,12.36,,4.9337,equivalent,yes,yes,Superior,TIL-756083,5.19,per_tile,1.0,,5.19,equivalent,yes,yes,4.39,-0.1595,win,floor_and_decor
G0077,Porcelain Tile,Concrete Look,Concrete Look - Tidewater porcelain 24x24,sq_ft,96069.0,Founders,FLO-708578,2.09,per_sq_ft,,,2.09,base,yes,yes,Home Decorators Collection,HOM-823160,38.97,per_case,14.93,,2.6102,equivalent,yes,yes,allen + roth,LOW-909677,2.69,per_sq_ft,,2.49,2.49,equivalent,yes,yes,Tuscany,MEN-130073,2.29,per_sq_ft,,,2.29,equivalent,yes,yes,Superior,TIL-333003,10.99,per_tile,4.0,9.39,2.3475,equivalent,yes,yes,2.29,-0.0873,win,floor_and_decor
G0078,Porcelain Tile,Marble Look,Marble Look - Bayside porcelain 12x12,sq_ft,81021.0,Nova,FLO-671603,1.89,per_sq_ft,,,1.89,base,yes,yes,TrafficMaster,HOM-960993,2.19,per_sq_ft,,,2.19,equivalent,no,no,Style Selections,LOW-174294,2.39,per_tile,1.0,,2.39,equivalent,yes,yes,Masterforce,MEN-914965,1.99,per_sq_ft,,,1.99,equivalent,no,no,,,,,,,,not carried,,no,2.39,-0.2092,win,floor_and_decor
G0079,Porcelain Tile,Outdoor Paver,Outdoor Paver - Maplewood porcelain 8x48,sq_ft,25412.0,MSI,FLO-409198,3.99,per_sq_ft,,,3.99,base,yes,yes,MSI,HOM-117445,82.99,per_case,18.11,,4.5826,exact,yes,yes,MSI,LOW-758125,11.99,per_tile,2.6667,,4.4962,exact,yes,yes,,,,,,,,not carried,,no,MSI,TIL-795035,4.29,per_sq_ft,,,4.29,exact,yes,yes,4.29,-0.0699,win,floor_and_decor
G0080,Porcelain Tile,Concrete Look,Concrete Look - Blackwater porcelain 24x48,sq_ft,141764.0,Salerno,FLO-421025,3.79,per_sq_ft,,,3.79,base,yes,yes,TrafficMaster,HOM-498836,4.19,per_sq_ft,,,4.19,equivalent,yes,yes,Satori,LOW-856350,4.59,per_sq_ft,,,4.59,equivalent,yes,yes,Patrician,MEN-494920,75.99,per_case,17.06,,4.4543,equivalent,yes,yes,Superior,TIL-830326,5.09,per_sq_ft,,,5.09,equivalent,yes,yes,4.19,-0.0955,win,floor_and_decor
G0081,Porcelain Tile,Wood Look Plank,Wood Look Plank - Bayside porcelain 6x24,sq_ft,50412.0,MSI,FLO-121726,2.19,per_sq_ft,,,2.19,base,yes,yes,MSI,HOM-992896,2.39,per_sq_ft,,,2.39,exact,yes,yes,MSI,LOW-231681,2.49,per_tile,1.0,,2.49,exact,yes,yes,MSI,MEN-295008,2.39,per_sq_ft,,,2.39,exact,yes,yes,MSI,TIL-113463,2.39,per_tile,1.0,,2.39,exact,yes,yes,2.39,-0.0837,win,floor_and_decor
G0082,Porcelain Tile,Marble Look,Marble Look - Bergamo porcelain 12x12,sq_ft,18352.0,Founders,FLO-881814,3.09,per_sq_ft,,,3.09,base,yes,yes,TrafficMaster,HOM-566456,3.49,per_sq_ft,,,3.49,equivalent,yes,yes,Style Selections,LOW-281267,3.39,per_sq_ft,,2.79,2.79,equivalent,no,no,Masterforce,MEN-678316,61.99,per_case,17.76,,3.4904,equivalent,yes,yes,Rush River,TIL-298354,4.19,per_tile,1.0,,4.19,equivalent,yes,yes,3.49,-0.1146,win,floor_and_decor
G0083,Porcelain Tile,Outdoor Paver,Outdoor Paver - Thornbury porcelain 6x36,sq_ft,78094.0,Sonoma,FLO-214359,2.69,per_sq_ft,,2.49,2.49,base,yes,yes,Home Decorators Collection,HOM-576570,3.39,per_sq_ft,,,3.39,equivalent,yes,yes,,,,,,,,not carried,,no,Patrician,MEN-732944,58.98,per_case,17.37,50.98,2.9349,equivalent,yes,yes,Rush River,TIL-999066,3.29,per_sq_ft,,,3.29,equivalent,yes,yes,2.9349,-0.1516,win,floor_and_decor
G0084,Porcelain Tile,Marble Look,Marble Look - Granite Peak porcelain 12x12,sq_ft,112291.0,Marazzi,FLO-759648,4.69,per_sq_ft,,,4.69,base,yes,yes,Marazzi,HOM-737023,5.19,per_sq_ft,,,5.19,exact,yes,yes,Marazzi,LOW-275613,5.19,per_tile,1.0,,5.19,exact,yes,yes,Marazzi,MEN-644178,104.98,per_case,21.79,,4.8178,exact,yes,yes,Marazzi,TIL-977782,5.29,per_sq_ft,,,5.29,exact,yes,yes,4.8178,-0.0265,win,floor_and_decor
G0085,Porcelain Tile,Wood Look Plank,Wood Look Plank - Ashford porcelain 8x48,sq_ft,108030.0,Nova,FLO-633018,4.29,per_sq_ft,,,4.29,base,yes,yes,TrafficMaster,HOM-927005,57.99,per_case,12.1,50.97,4.2124,close,no,no,Style Selections,LOW-397500,14.98,per_tile,2.6667,,5.6174,close,yes,yes,Dakota,MEN-861990,5.69,per_sq_ft,,,5.69,equivalent,yes,yes,Kismet,TIL-842319,5.49,per_sq_ft,,,5.49,equivalent,yes,yes,5.49,-0.2186,win,floor_and_decor
G0086,Porcelain Tile,Wood Look Plank,Wood Look Plank - Quarry porcelain 6x24,sq_ft,114273.0,Daltile,FLO-998485,3.69,per_sq_ft,,,3.69,base,yes,yes,Daltile,HOM-132113,3.89,per_sq_ft,,,3.89,exact,yes,yes,Daltile,LOW-687461,3.99,per_sq_ft,,3.69,3.69,exact,no,no,Daltile,MEN-824769,63.98,per_case,15.95,,4.0113,exact,yes,yes,Daltile,TIL-709913,4.09,per_sq_ft,,,4.09,exact,yes,yes,3.89,-0.0514,win,floor_and_decor
G0087,Porcelain Tile,Outdoor Paver,Outdoor Paver - Ivory porcelain 24x24,sq_ft,68378.0,Founders,FLO-443352,2.59,per_sq_ft,,,2.59,base,yes,yes,Home Decorators Collection,HOM-149719,71.99,per_case,21.02,,3.4248,equivalent,yes,yes,Satori,LOW-119562,2.89,per_sq_ft,,,2.89,equivalent,no,no,Patrician,MEN-567771,3.39,per_sq_ft,,,3.39,equivalent,no,no,Superior,TIL-473942,3.19,per_sq_ft,,,3.19,equivalent,yes,yes,3.19,-0.1881,win,floor_and_decor
G0088,Porcelain Tile,Large Format,Large Format - Sundance porcelain 24x48,sq_ft,37732.0,Nova,FLO-729660,5.59,per_sq_ft,,,5.59,base,yes,yes,Home Decorators Collection,HOM-289230,7.09,per_sq_ft,,,7.09,equivalent,yes,yes,,,,,,,,not carried,,no,,,,,,,,not carried,,no,Superior,TIL-625704,7.19,per_sq_ft,,,7.19,equivalent,yes,yes,7.09,-0.2116,win,floor_and_decor
G0089,Porcelain Tile,Outdoor Paver,Outdoor Paver - Quarry porcelain 6x36,sq_ft,90233.0,Salerno,FLO-353009,1.79,per_sq_ft,,,1.79,base,yes,yes,TrafficMaster,HOM-172042,1.99,per_sq_ft,,,1.99,equivalent,yes,yes,Style Selections,LOW-458740,2.19,per_sq_ft,,,2.19,equivalent,no,no,Dakota,MEN-148075,29.97,per_case,15.34,,1.9537,equivalent,yes,yes,Superior,TIL-268308,2.39,per_tile,1.0,,2.39,close,no,no,1.9537,-0.0838,win,floor_and_decor
G0090,Porcelain Tile,Large Format,Large Format - Tidewater porcelain 24x48,sq_ft,20709.0,Founders,FLO-356949,2.99,per_sq_ft,,,2.99,base,yes,yes,Home Decorators Collection,HOM-417701,52.97,per_case,15.06,40.98,2.7211,equivalent,yes,yes,allen + roth,LOW-159559,27.99,per_tile,8.0,,3.4987,equivalent,yes,yes,Dakota,MEN-238338,3.69,per_sq_ft,,,3.69,equivalent,yes,yes,Marmi,TIL-517357,3.79,per_sq_ft,,,3.79,equivalent,yes,yes,2.7211,0.0988,loss,home_depot
G0091,Porcelain Tile,Marble Look,Marble Look - Sandstone porcelain 24x24,sq_ft,115842.0,Emser,FLO-728095,3.89,per_sq_ft,,,3.89,base,yes,yes,Emser,HOM-958979,52.97,per_case,12.62,,4.1973,exact,yes,yes,Emser,LOW-500627,4.39,per_sq_ft,,,4.39,exact,no,no,Emser,MEN-187436,52.97,per_case,12.75,,4.1545,exact,yes,yes,,,,,,,,not carried,,no,4.1545,-0.0637,win,floor_and_decor
G0092,Porcelain Tile,Outdoor Paver,Outdoor Paver - Whitewash porcelain 24x48,sq_ft,53286.0,Salerno,FLO-123026,2.29,per_sq_ft,,1.89,1.89,base,yes,yes,Home Decorators Collection,HOM-353777,55.99,per_case,19.18,,2.9192,equivalent,yes,yes,allen + roth,LOW-805785,21.98,per_tile,8.0,17.99,2.2487,equivalent,yes,yes,Patrician,MEN-676887,2.89,per_sq_ft,,2.49,2.49,equivalent,yes,yes,Superior,TIL-648506,2.69,per_sq_ft,,2.49,2.49,equivalent,yes,yes,2.2487,-0.1595,win,floor_and_decor
G0093,Porcelain Tile,Concrete Look,Concrete Look - Bayside porcelain 12x24,sq_ft,89429.0,Founders,FLO-954020,2.09,per_sq_ft,,,2.09,base,yes,yes,,,,,,,,not carried,,no,Satori,LOW-713110,2.39,per_sq_ft,,,2.39,equivalent,yes,yes,,,,,,,,not carried,,no,Kismet,TIL-615165,2.59,per_sq_ft,,,2.59,equivalent,yes,yes,2.39,-0.1255,win,floor_and_decor
G0094,Porcelain Tile,Outdoor Paver,Outdoor Paver - Thornbury porcelain 12x24,sq_ft,100140.0,Daltile,FLO-607083,5.09,per_sq_ft,,,5.09,base,yes,yes,Daltile,HOM-133712,5.49,per_sq_ft,,,5.49,exact,yes,yes,Daltile,LOW-849691,11.97,per_tile,2.0,,5.985,exact,yes,yes,Daltile,MEN-161385,114.98,per_case,21.94,91.99,4.1928,exact,yes,yes,,,,,,,,not carried,,no,4.1928,0.214,loss,menards
G0095,Porcelain Tile,Marble Look,Marble Look - Maplewood porcelain 12x12,sq_ft,115294.0,Nova,FLO-840505,4.79,per_sq_ft,,,4.79,base,yes,yes,TrafficMaster,HOM-921998,5.69,per_sq_ft,,,5.69,equivalent,yes,yes,Satori,LOW-693222,6.09,per_sq_ft,,,6.09,equivalent,yes,yes,Dakota,MEN-493440,85.97,per_case,15.01,77.97,5.1945,equivalent,yes,yes,Kismet,TIL-324264,6.09,per_sq_ft,,,6.09,equivalent,yes,yes,5.1945,-0.0779,win,floor_and_decor
G0096,Porcelain Tile,Large Format,Large Format - Quarry porcelain 12x24,sq_ft,39440.0,Nova,FLO-748236,5.89,per_sq_ft,,,5.89,base,yes,yes,TrafficMaster,HOM-612017,6.69,per_sq_ft,,5.59,5.59,equivalent,yes,yes,Style Selections,LOW-542780,15.99,per_tile,2.0,,7.995,equivalent,yes,yes,Patrician,MEN-579605,6.69,per_sq_ft,,,6.69,equivalent,yes,yes,Marmi,TIL-611108,14.99,per_tile,2.0,,7.495,equivalent,yes,yes,5.59,0.0537,loss,home_depot
G0097,Porcelain Tile,Marble Look,Marble Look - Yorkshire porcelain 24x48,sq_ft,30584.0,Nova,FLO-889333,3.79,per_sq_ft,,,3.79,base,yes,yes,Home Decorators Collection,HOM-467332,87.97,per_case,20.42,,4.308,equivalent,yes,yes,allen + roth,LOW-102205,4.89,per_sq_ft,,,4.89,equivalent,yes,yes,Patrician,MEN-725936,4.69,per_sq_ft,,3.89,3.89,equivalent,yes,yes,,,,,,,,not carried,,no,3.89,-0.0257,win,floor_and_decor
G0098,Porcelain Tile,Large Format,Large Format - Windsor porcelain 24x24,sq_ft,30763.0,Sonoma,FLO-425786,5.39,per_sq_ft,,,5.39,base,yes,yes,TrafficMaster,HOM-297988,129.98,per_case,20.91,,6.2162,close,yes,yes,Satori,LOW-701130,6.69,per_sq_ft,,,6.69,equivalent,yes,yes,Dakota,MEN-500351,139.98,per_case,20.6,,6.7951,equivalent,yes,yes,Rush River,TIL-709678,6.99,per_sq_ft,,6.09,6.09,equivalent,yes,yes,6.09,-0.1149,win,floor_and_decor
G0099,Porcelain Tile,Marble Look,Marble Look - Maplewood porcelain 12x12,sq_ft,20183.0,Founders,FLO-821710,4.79,per_sq_ft,,3.99,3.99,base,yes,yes,Home Decorators Collection,HOM-173625,124.98,per_case,20.65,,6.0523,equivalent,yes,yes,Satori,LOW-490615,6.39,per_tile,1.0,,6.39,equivalent,yes,yes,Tuscany,MEN-402160,5.89,per_sq_ft,,,5.89,equivalent,yes,yes,Kismet,TIL-679055,5.89,per_tile,1.0,,5.89,equivalent,yes,yes,5.89,-0.3226,win,floor_and_decor
G0100,Porcelain Tile,Large Format,Large Format - Blackwater porcelain 12x12,sq_ft,148412.0,Daltile,FLO-971675,4.39,per_sq_ft,,,4.39,base,yes,yes,Daltile,HOM-657742,74.97,per_case,15.6,,4.8058,exact,yes,yes,Daltile,LOW-444421,4.79,per_tile,1.0,,4.79,exact,yes,yes,Daltile,MEN-358629,87.98,per_case,18.63,,4.7225,exact,yes,yes,Daltile,TIL-722620,4.89,per_tile,1.0,,4.89,exact,yes,yes,4.7225,-0.0704,win,floor_and_decor
G0101,Ceramic Tile,Field Tile,Field Tile - Windsor ceramic 4x16,sq_ft,11366.0,Nova,FLO-842870,2.89,per_sq_ft,,,2.89,base,yes,yes,,,,,,,,not carried,,no,Style Selections,LOW-207493,3.19,per_sq_ft,,,3.19,close,yes,yes,Masterforce,MEN-207112,3.19,per_sq_ft,,,3.19,close,yes,yes,Rush River,TIL-339288,1.59,per_tile,0.4444,,3.5779,close,no,no,3.19,-0.094,win,floor_and_decor
G0102,Ceramic Tile,Subway Tile,Subway Tile - Riverbend ceramic 4x12,sq_ft,127832.0,Nova,FLO-577239,1.69,per_sq_ft,,1.39,1.39,base,yes,yes,Daltile,HOM-955106,21.97,per_case,11.33,,1.9391,close,yes,yes,Satori,LOW-860765,0.59,per_tile,0.3333,,1.7702,close,yes,yes,Masterforce,MEN-357798,1.99,per_sq_ft,,,1.99,equivalent,yes,yes,Superior,TIL-947562,0.79,per_tile,0.3333,,2.3702,equivalent,yes,yes,1.7702,-0.2148,win,floor_and_decor
G0103,Ceramic Tile,Floor Ceramic,Floor Ceramic - Sterling ceramic 3x6,sq_ft,43525.0,Nova,FLO-656518,1.79,per_sq_ft,,,1.79,base,yes,yes,TrafficMaster,HOM-375569,25.97,per_case,11.07,,2.346,close,yes,yes,Style Selections,LOW-365003,0.69,per_tile,0.3333,,2.0702,close,yes,yes,Tuscany,MEN-259206,2.19,per_sq_ft,,,2.19,close,yes,yes,Rush River,TIL-277094,2.09,per_sq_ft,,,2.09,close,yes,yes,2.0702,-0.1353,win,floor_and_decor
G0104,Ceramic Tile,Subway Tile,Subway Tile - Charcoal ceramic 3x6,sq_ft,100579.0,Salerno,FLO-436819,1.89,per_sq_ft,,,1.89,base,yes,yes,TrafficMaster,HOM-408304,2.09,per_sq_ft,,,2.09,close,yes,yes,Satori,LOW-377188,0.29,per_tile,0.125,,2.32,equivalent,yes,yes,Tuscany,MEN-233656,27.98,per_case,14.07,23.97,1.7036,equivalent,yes,yes,Marmi,TIL-480802,2.59,per_sq_ft,,,2.59,close,yes,yes,1.7036,0.1094,loss,menards
G0105,Ceramic Tile,Subway Tile,Subway Tile - Charcoal ceramic 3x6,sq_ft,147604.0,Nova,FLO-674554,1.19,per_sq_ft,,,1.19,base,yes,yes,TrafficMaster,HOM-385205,1.39,per_sq_ft,,1.29,1.29,equivalent,yes,yes,Style Selections,LOW-368724,0.19,per_tile,0.125,0.19,1.52,equivalent,no,no,Patrician,MEN-530167,18.98,per_case,14.36,,1.3217,close,yes,yes,,,,,,,,not carried,,no,1.29,-0.0775,win,floor_and_decor
G0106,Ceramic Tile,Field Tile,Field Tile - Onyx ceramic 12x12,sq_ft,120062.0,Marazzi,FLO-208743,2.79,per_sq_ft,,,2.79,base,yes,yes,Marazzi,HOM-226708,3.09,per_sq_ft,,,3.09,exact,yes,yes,Marazzi,LOW-920734,3.09,per_tile,1.0,,3.09,exact,yes,yes,Marazzi,MEN-232252,53.99,per_case,17.73,,3.0451,exact,yes,yes,Marazzi,TIL-840519,3.19,per_sq_ft,,,3.19,exact,yes,yes,3.0451,-0.0838,win,floor_and_decor
G0107,Ceramic Tile,Field Tile,Field Tile - Bayside ceramic 12x12,sq_ft,54136.0,Salerno,FLO-226430,2.89,per_sq_ft,,,2.89,base,yes,yes,TrafficMaster,HOM-426163,33.99,per_case,10.23,30.99,3.0293,close,yes,yes,Satori,LOW-431434,3.69,per_sq_ft,,,3.69,equivalent,yes,yes,Dakota,MEN-171386,50.98,per_case,16.54,,3.0822,equivalent,yes,yes,Superior,TIL-718361,3.49,per_tile,1.0,,3.49,equivalent,yes,yes,3.0293,-0.046,win,floor_and_decor
G0108,Ceramic Tile,Floor Ceramic,Floor Ceramic - Juniper ceramic 6x24,sq_ft,83668.0,Nova,FLO-387120,2.29,per_sq_ft,,,2.29,base,yes,yes,TrafficMaster,HOM-430143,40.97,per_case,15.99,,2.5622,close,yes,yes,Satori,LOW-298836,2.69,per_sq_ft,,,2.69,equivalent,yes,yes,Masterforce,MEN-462684,26.99,per_case,10.2,,2.6461,close,yes,yes,Kismet,TIL-897611,3.09,per_sq_ft,,2.49,2.49,equivalent,yes,yes,2.49,-0.0803,win,floor_and_decor
G0109,Ceramic Tile,Floor Ceramic,Floor Ceramic - Fieldstone ceramic 12x12,sq_ft,119389.0,Nova,FLO-316294,2.09,per_sq_ft,,,2.09,base,yes,yes,Daltile,HOM-430285,29.97,per_case,10.97,27.97,2.5497,close,yes,yes,Satori,LOW-568287,2.39,per_tile,1.0,,2.39,close,yes,yes,Dakota,MEN-177242,2.19,per_sq_ft,,,2.19,close,yes,yes,Superior,TIL-650092,2.49,per_sq_ft,,,2.49,close,yes,yes,2.19,-0.0457,win,floor_and_decor
G0110,Ceramic Tile,Field Tile,Field Tile - Quarry ceramic 6x24,sq_ft,69662.0,Nova,FLO-704044,0.99,per_sq_ft,,,0.99,base,yes,yes,Daltile,HOM-442467,11.97,per_case,11.15,,1.0735,close,yes,yes,Satori,LOW-599041,1.19,per_tile,1.0,1.09,1.09,equivalent,yes,yes,Dakota,MEN-457361,11.98,per_case,10.91,,1.0981,equivalent,yes,yes,Rush River,TIL-719538,1.39,per_tile,1.0,,1.39,equivalent,yes,yes,1.0735,-0.0778,win,floor_and_decor
G0111,Ceramic Tile,Subway Tile,Subway Tile - Chelsea ceramic 12x12,sq_ft,117796.0,Nova,FLO-278673,0.79,per_sq_ft,,,0.79,base,yes,yes,Daltile,HOM-984029,1.09,per_sq_ft,,,1.09,equivalent,yes,yes,Satori,LOW-231502,0.29,per_tile,0.3333,,0.8701,close,yes,yes,Tuscany,MEN-310969,0.99,per_sq_ft,,,0.99,equivalent,yes,yes,,,,,,,,not carried,,no,0.8701,-0.0921,win,floor_and_decor
G0112,Ceramic Tile,Field Tile,Field Tile - Coastal Grey ceramic 4x16,sq_ft,149603.0,Salerno,FLO-591081,2.29,per_sq_ft,,,2.29,base,yes,yes,TrafficMaster,HOM-371702,2.59,per_sq_ft,,,2.59,equivalent,yes,yes,Satori,LOW-124495,2.89,per_sq_ft,,,2.89,close,yes,yes,Masterforce,MEN-536207,36.99,per_case,12.89,,2.8697,close,yes,yes,Kismet,TIL-324388,1.19,per_tile,0.4444,,2.6778,close,yes,yes,2.59,-0.1158,win,floor_and_decor
G0113,Ceramic Tile,Floor Ceramic,Floor Ceramic - Redmond ceramic 12x12,sq_ft,129225.0,Marazzi,FLO-378935,1.19,per_sq_ft,,,1.19,base,yes,yes,Marazzi,HOM-268815,1.29,per_sq_ft,,,1.29,exact,yes,yes,Marazzi,LOW-523670,1.29,per_tile,1.0,,1.29,exact,yes,yes,Marazzi,MEN-297986,17.98,per_case,13.28,,1.3539,exact,yes,yes,Marazzi,TIL-510076,1.29,per_sq_ft,,0.99,0.99,exact,yes,yes,0.99,0.202,loss,tile_shop
G0114,Ceramic Tile,Floor Ceramic,Floor Ceramic - Meridian ceramic 4x12,sq_ft,48988.0,Marazzi,FLO-962919,1.69,per_sq_ft,,1.49,1.49,base,yes,yes,Marazzi,HOM-610819,1.89,per_sq_ft,,,1.89,exact,yes,yes,Marazzi,LOW-969405,1.89,per_sq_ft,,,1.89,exact,yes,yes,,,,,,,,not carried,,no,Marazzi,TIL-732800,1.99,per_sq_ft,,,1.99,exact,yes,yes,1.89,-0.2116,win,floor_and_decor
G0115,Natural Stone Tile,Slate,Slate - Onyx travertine 12x12,sq_ft,5038.0,Nova,FLO-863707,11.98,per_sq_ft,,,11.98,base,yes,yes,MSI,HOM-119830,174.98,per_case,12.66,,13.8215,close,yes,yes,Satori,LOW-161326,15.99,per_sq_ft,,,15.99,equivalent,yes,yes,Dakota,MEN-254767,179.98,per_case,13.63,,13.2047,equivalent,yes,yes,Rush River,TIL-859094,16.98,per_sq_ft,,,16.98,close,yes,yes,13.2047,-0.0927,win,floor_and_decor
G0116,Natural Stone Tile,Marble,Marble - Harbor Oak slate 18x18,sq_ft,34722.0,Nova,FLO-523518,5.69,per_sq_ft,,,5.69,base,yes,yes,Home Decorators Collection,HOM-416272,7.49,per_sq_ft,,,7.49,equivalent,yes,yes,allen + roth,LOW-660502,15.98,per_tile,2.25,12.97,5.7644,equivalent,yes,yes,Masterforce,MEN-431031,109.98,per_case,15.95,,6.8953,equivalent,yes,yes,Rush River,TIL-581473,7.39,per_sq_ft,,,7.39,close,yes,yes,5.7644,-0.0129,win,floor_and_decor
G0117,Natural Stone Tile,Travertine,Travertine - Vintage Elm limestone 18x18,sq_ft,28339.0,Sonoma,FLO-431966,10.97,per_sq_ft,,8.99,8.99,base,yes,yes,,,,,,,,not carried,,no,allen + roth,LOW-321785,30.97,per_tile,2.25,,13.7644,equivalent,yes,yes,Dakota,MEN-773676,194.98,per_case,15.62,,12.4827,equivalent,yes,yes,Kismet,TIL-295037,15.97,per_sq_ft,,,15.97,equivalent,yes,yes,12.4827,-0.2798,win,floor_and_decor
G0118,Natural Stone Tile,Marble,Marble - Cambridge quartzite 16x16,sq_ft,14599.0,MSI,FLO-568176,9.59,per_sq_ft,,,9.59,base,yes,yes,MSI,HOM-105091,11.99,per_sq_ft,,,11.99,exact,yes,yes,MSI,LOW-897914,18.99,per_tile,1.7778,,10.6817,exact,yes,yes,MSI,MEN-296983,10.97,per_sq_ft,,,10.97,exact,yes,yes,MSI,TIL-554708,11.97,per_sq_ft,,,11.97,exact,yes,yes,10.6817,-0.1022,win,floor_and_decor
G0119,Natural Stone Tile,Quartzite,Quartzite - Sundance travertine 6x12,sq_ft,16421.0,Sonoma,FLO-482430,6.19,per_sq_ft,,,6.19,base,yes,yes,MSI,HOM-290557,8.09,per_sq_ft,,,8.09,close,yes,yes,allen + roth,LOW-568148,4.09,per_tile,0.5,,8.18,equivalent,yes,yes,Dakota,MEN-891956,8.09,per_sq_ft,,,8.09,equivalent,yes,yes,Rush River,TIL-385108,8.19,per_sq_ft,,,8.19,equivalent,yes,yes,8.09,-0.2349,win,floor_and_decor
G0120,Natural Stone Tile,Slate,Slate - Harbor Oak slate 12x12,sq_ft,22974.0,Sonoma,FLO-115081,4.79,per_sq_ft,,,4.79,base,yes,yes,MSI,HOM-193322,5.59,per_sq_ft,,,5.59,close,yes,yes,Satori,LOW-169001,5.79,per_tile,1.0,,5.79,equivalent,yes,yes,Patrician,MEN-423555,6.09,per_sq_ft,,,6.09,equivalent,yes,yes,Superior,TIL-490760,6.59,per_sq_ft,,,6.59,close,yes,yes,5.59,-0.1431,win,floor_and_decor
G0121,Natural Stone Tile,Travertine,Travertine - Stonehaven limestone 16x16,sq_ft,35877.0,Founders,FLO-995808,9.29,per_sq_ft,,,9.29,base,yes,yes,,,,,,,,not carried,,no,allen + roth,LOW-268881,11.99,per_sq_ft,,10.99,10.99,equivalent,yes,yes,Masterforce,MEN-884284,12.98,per_sq_ft,,,12.98,equivalent,yes,yes,Kismet,TIL-747847,13.99,per_sq_ft,,,13.99,equivalent,yes,yes,10.99,-0.1547,win,floor_and_decor
G0122,Natural Stone Tile,Travertine,Travertine - Dunmore travertine 12x12,sq_ft,14379.0,Founders,FLO-247845,6.49,per_sq_ft,,,6.49,base,yes,yes,MSI,HOM-587842,7.59,per_sq_ft,,,7.59,equivalent,no,no,,,,,,,,not carried,,no,Tuscany,MEN-720170,81.99,per_case,11.65,,7.0378,equivalent,yes,yes,Marmi,TIL-282740,8.49,per_sq_ft,,,8.49,equivalent,yes,yes,7.0378,-0.0778,win,floor_and_decor
G0123,Natural Stone Tile,Travertine,Travertine - Umber slate 6x12,sq_ft,18612.0,Sonoma,FLO-383806,7.89,per_sq_ft,,,7.89,base,yes,yes,Home Decorators Collection,HOM-605328,97.99,per_case,9.24,,10.605,equivalent,yes,yes,allen + roth,LOW-559600,5.19,per_tile,0.5,,10.38,equivalent,no,no,Masterforce,MEN-442102,98.98,per_case,11.21,79.99,7.1356,close,yes,yes,Marmi,TIL-114589,4.79,per_tile,0.5,,9.58,equivalent,no,no,7.1356,0.1057,loss,menards
G0124,Natural Stone Tile,Travertine,Travertine - Sterling travertine 12x24,sq_ft,38993.0,Founders,FLO-774952,12.98,per_sq_ft,,,12.98,base,yes,yes,MSI,HOM-329013,17.97,per_sq_ft,,,17.97,equivalent,yes,yes,Satori,LOW-582732,17.99,per_sq_ft,,14.97,14.97,equivalent,yes,yes,Patrician,MEN-485689,124.98,per_case,8.21,,15.2229,equivalent,yes,yes,Superior,TIL-726786,17.99,per_sq_ft,,15.98,15.98,close,yes,yes,14.97,-0.1329,win,floor_and_decor
G0125,Natural Stone Tile,Limestone,Limestone - Dunmore travertine 12x24,sq_ft,33636.0,Founders,FLO-790585,5.79,per_sq_ft,,,5.79,base,yes,yes,MSI,HOM-751977,104.98,per_case,14.82,,7.0837,equivalent,yes,yes,allen + roth,LOW-429951,6.49,per_sq_ft,,,6.49,close,yes,yes,Patrician,MEN-624946,7.79,per_sq_ft,,,7.79,close,yes,yes,Rush River,TIL-675775,7.89,per_sq_ft,,6.49,6.49,equivalent,yes,yes,6.49,-0.1079,win,floor_and_decor
G0126,Natural Stone Tile,Slate,Slate - Thornbury travertine 12x24,sq_ft,33404.0,Nova,FLO-534685,9.39,per_sq_ft,,,9.39,base,yes,yes,MSI,HOM-618658,164.98,per_case,15.78,,10.455,close,yes,yes,allen + roth,LOW-588036,11.97,per_sq_ft,,,11.97,close,yes,yes,Patrician,MEN-133232,10.99,per_sq_ft,,,10.99,close,yes,yes,Rush River,TIL-725537,12.97,per_sq_ft,,,12.97,equivalent,yes,yes,10.455,-0.1019,win,floor_and_decor
G0127,Mosaic & Decorative Tile,Decorative Accent,Decorative Accent - Alabaster marble hexagon,sq_ft,2066.0,Nova,FLO-615170,12.97,per_sq_ft,,11.98,11.98,base,yes,yes,MSI,HOM-743210,14.97,per_sheet,0.96,,15.5938,equivalent,yes,yes,allen + roth,LOW-111423,13.98,per_sq_ft,,,13.98,equivalent,yes,yes,Dakota,MEN-349206,15.99,per_sheet,0.97,,16.4845,close,yes,yes,Superior,TIL-947346,15.98,per_sq_ft,,,15.98,equivalent,yes,yes,13.98,-0.1431,win,floor_and_decor
G0128,Mosaic & Decorative Tile,Stone Mosaic,Stone Mosaic - Thornbury marble subway,sq_ft,4549.0,Nova,FLO-580904,20.98,per_sq_ft,,,20.98,base,yes,yes,MSI,HOM-782154,24.98,per_sheet,1.0,,24.98,equivalent,yes,yes,Satori,LOW-520077,27.97,per_sheet,1.0,,27.97,equivalent,yes,yes,Tuscany,MEN-569557,25.99,per_sheet,0.96,,27.0729,close,yes,yes,Marmi,TIL-596825,28.99,per_sq_ft,,,28.99,equivalent,yes,yes,24.98,-0.1601,win,floor_and_decor
G0129,Mosaic & Decorative Tile,Decorative Accent,Decorative Accent - Oakmont marble picket,sq_ft,3812.0,Founders,FLO-199287,22.99,per_sq_ft,,,22.99,base,yes,yes,MSI,HOM-557437,24.99,per_sheet,1.0,,24.99,equivalent,yes,yes,allen + roth,LOW-729377,26.97,per_sheet,1.0,,26.97,close,no,no,Masterforce,MEN-965746,22.99,per_sheet,0.96,20.99,21.8646,equivalent,yes,yes,Superior,TIL-717586,30.97,per_sq_ft,,,30.97,equivalent,yes,yes,21.8646,0.0515,loss,menards
G0130,Mosaic & Decorative Tile,Stone Mosaic,Stone Mosaic - Riverbend porcelain subway,sq_ft,5055.0,Nova,FLO-367758,21.98,per_sheet,1.0,,21.98,base,yes,yes,Home Decorators Collection,HOM-530483,26.97,per_sheet,0.97,,27.8041,equivalent,yes,yes,Satori,LOW-519255,27.97,per_sq_ft,,,27.97,equivalent,yes,yes,Patrician,MEN-303079,25.97,per_sheet,1.0,,25.97,equivalent,yes,yes,Marmi,TIL-299750,29.99,per_sq_ft,,24.99,24.99,equivalent,yes,yes,24.99,-0.1204,win,floor_and_decor
G0131,Mosaic & Decorative Tile,Decorative Accent,Decorative Accent - Nordic marble hexagon,sq_ft,2762.0,Founders,FLO-555354,20.97,per_sheet,1.0,,20.97,base,yes,yes,Home Decorators Collection,HOM-446648,24.98,per_sheet,0.96,,26.0208,weak,yes,no,allen + roth,LOW-313797,26.99,per_sq_ft,,,26.99,equivalent,yes,yes,Masterforce,MEN-323290,25.98,per_sheet,1.0,,25.98,close,yes,yes,,,,,,,,not carried,,no,25.98,-0.1928,win,floor_and_decor
G0132,Mosaic & Decorative Tile,Porcelain Mosaic,Porcelain Mosaic - Millbrook glass penny round,sq_ft,1927.0,Nova,FLO-262391,22.98,per_sq_ft,,,22.98,base,yes,yes,MSI,HOM-563898,30.97,per_sheet,0.96,25.97,27.0521,equivalent,yes,yes,Satori,LOW-149429,26.99,per_sq_ft,,23.99,23.99,equivalent,no,no,Masterforce,MEN-213970,27.99,per_sheet,1.0,,27.99,equivalent,yes,yes,Superior,TIL-418580,26.97,per_sheet,0.96,21.99,22.9062,close,yes,yes,22.9062,0.0032,tie,floor_and_decor
G0133,Mosaic & Decorative Tile,Glass Mosaic,Glass Mosaic - Espresso glass herringbone,sq_ft,1286.0,Nova,FLO-740386,12.99,per_sheet,1.0,,12.99,base,yes,yes,Home Decorators Collection,HOM-311256,16.98,per_sheet,1.0,14.98,14.98,equivalent,yes,yes,allen + roth,LOW-877720,13.98,per_sq_ft,,,13.98,equivalent,yes,yes,Patrician,MEN-867578,15.99,per_sheet,1.0,,15.99,equivalent,yes,yes,Marmi,TIL-865344,17.99,per_sheet,0.96,,18.7396,close,yes,yes,13.98,-0.0708,win,floor_and_decor
G0134,Mosaic & Decorative Tile,Stone Mosaic,Stone Mosaic - Havana glass and stone penny round,sq_ft,7108.0,Founders,FLO-566363,11.99,per_sq_ft,,,11.99,base,yes,yes,MSI,HOM-958732,15.98,per_sheet,0.97,,16.4742,weak,yes,no,allen + roth,LOW-256204,14.98,per_sq_ft,,12.99,12.99,equivalent,yes,yes,Tuscany,MEN-932928,12.97,per_sheet,0.96,,13.5104,close,no,no,Marmi,TIL-791284,16.97,per_sq_ft,,,16.97,equivalent,yes,yes,12.99,-0.077,win,floor_and_decor
G0135,Mosaic & Decorative Tile,Decorative Accent,Decorative Accent - Hillcrest marble subway,sq_ft,2125.0,Founders,FLO-486306,23.98,per_sq_ft,,21.98,21.98,base,yes,yes,Home Decorators Collection,HOM-345429,26.97,per_sheet,1.0,,26.97,equivalent,yes,yes,Satori,LOW-213979,26.98,per_sheet,1.0,,26.98,weak,yes,no,,,,,,,,not carried,,no,,,,,,,,not carried,,no,26.97,-0.185,win,floor_and_decor
G0136,Mosaic & Decorative Tile,Decorative Accent,Decorative Accent - Thornbury marble basketweave,sq_ft,4878.0,Founders,FLO-964154,17.97,per_sheet,0.96,,18.7188,base,yes,yes,Home Decorators Collection,HOM-497622,21.99,per_sheet,0.97,,22.6701,weak,yes,no,allen + roth,LOW-983426,22.98,per_sheet,1.0,,22.98,equivalent,yes,yes,Masterforce,MEN-909191,24.97,per_sheet,1.0,,24.97,equivalent,yes,yes,,,,,,,,not carried,,no,22.98,-0.1854,win,floor_and_decor
G0137,Wall Tile & Backsplash,Glass Wall,Glass Wall - Quarry ceramic 4x16,sq_ft,19290.0,Marazzi,FLO-212842,3.59,per_sq_ft,,,3.59,base,yes,yes,Marazzi,HOM-289966,3.99,per_sq_ft,,,3.99,exact,yes,yes,Marazzi,LOW-203278,3.89,per_sq_ft,,,3.89,exact,yes,yes,Marazzi,MEN-652563,37.98,per_case,9.37,,4.0534,exact,yes,yes,Marazzi,TIL-809655,3.89,per_sq_ft,,,3.89,exact,yes,yes,3.89,-0.0771,win,floor_and_decor
G0138,Wall Tile & Backsplash,Porcelain Wall,Porcelain Wall - Umber glass 4x12,sq_ft,12730.0,Salerno,FLO-917026,5.19,per_sq_ft,,,5.19,base,yes,yes,Home Decorators Collection,HOM-445903,6.39,per_sq_ft,,,6.39,weak,no,no,Style Selections,LOW-514817,6.09,per_sq_ft,,5.49,5.49,close,yes,yes,Masterforce,MEN-664327,64.99,per_case,10.94,,5.9406,close,yes,yes,,,,,,,,not carried,,no,5.49,-0.0546,win,floor_and_decor
G0139,Wall Tile & Backsplash,Glass Wall,Glass Wall - Slate Creek porcelain 3x6,sq_ft,4907.0,Nova,FLO-874989,4.39,per_sq_ft,,,4.39,base,yes,yes,Home Decorators Collection,HOM-149431,4.99,per_sq_ft,,4.39,4.39,equivalent,yes,yes,Satori,LOW-843771,4.99,per_sq_ft,,,4.99,equivalent,yes,yes,Masterforce,MEN-506983,5.49,per_sq_ft,,,5.49,close,yes,yes,Kismet,TIL-203294,5.49,per_sq_ft,,4.39,4.39,close,no,no,4.39,0.0,tie,floor_and_decor
G0140,Wall Tile & Backsplash,Glass Wall,Glass Wall - Barnwood ceramic 4x16,sq_ft,18832.0,Salerno,FLO-829986,5.09,per_sq_ft,,,5.09,base,yes,yes,Home Decorators Collection,HOM-882159,61.98,per_case,11.09,54.99,4.9585,equivalent,yes,yes,Satori,LOW-482046,6.09,per_sq_ft,,,6.09,equivalent,yes,yes,Dakota,MEN-561432,5.39,per_sq_ft,,,5.39,equivalent,yes,yes,Rush River,TIL-517946,6.69,per_sq_ft,,5.09,5.09,close,yes,yes,4.9585,0.0265,loss,home_depot
G0141,Wall Tile & Backsplash,Glass Wall,Glass Wall - Sundance glass 3x6,sq_ft,2647.0,Nova,FLO-610505,6.79,per_sq_ft,,,6.79,base,yes,yes,Daltile,HOM-896770,7.39,per_sq_ft,,,7.39,equivalent,yes,yes,Style Selections,LOW-192992,8.69,per_sq_ft,,7.19,7.19,equivalent,yes,yes,Dakota,MEN-658685,58.97,per_case,8.0,,7.3712,close,yes,yes,,,,,,,,not carried,,no,7.19,-0.0556,win,floor_and_decor
G0142,Wall Tile & Backsplash,Glass Wall,Glass Wall - Westbury porcelain 3x6,sq_ft,4459.0,Nova,FLO-987036,3.59,per_sq_ft,,,3.59,base,yes,yes,Home Decorators Collection,HOM-146214,4.49,per_sq_ft,,,4.49,close,yes,yes,Satori,LOW-151076,4.19,per_sq_ft,,3.79,3.79,close,yes,yes,Masterforce,MEN-830612,4.09,per_sq_ft,,,4.09,close,yes,yes,,,,,,,,not carried,,no,3.79,-0.0528,win,floor_and_decor
G0143,Wall Tile & Backsplash,Glass Wall,Glass Wall - Quarry porcelain 4x16,sq_ft,4030.0,Salerno,FLO-432459,6.29,per_sq_ft,,,6.29,base,yes,yes,Home Decorators Collection,HOM-343224,8.39,per_sq_ft,,,8.39,equivalent,yes,yes,Style Selections,LOW-386381,7.69,per_sq_ft,,5.89,5.89,equivalent,yes,yes,Tuscany,MEN-881321,7.19,per_sq_ft,,,7.19,equivalent,yes,yes,Marmi,TIL-599885,8.29,per_sq_ft,,,8.29,close,yes,yes,5.89,0.0679,loss,lowes
G0144,Wall Tile & Backsplash,Glass Wall,Glass Wall - Calacatta porcelain 4x16,sq_ft,16545.0,Salerno,FLO-321360,4.79,per_sq_ft,,,4.79,base,yes,yes,Home Decorators Collection,HOM-467266,50.98,per_case,8.68,,5.8733,close,yes,yes,Satori,LOW-207673,5.89,per_sq_ft,,,5.89,weak,yes,no,Dakota,MEN-624415,5.89,per_sq_ft,,4.69,4.69,close,yes,yes,,,,,,,,not carried,,no,4.69,0.0213,loss,menards
G0145,Carpet & Carpet Tile,Broadloom,Broadloom - Harbor Oak nylon 32,sq_ft,24853.0,Shaw,FLO-788990,2.89,per_sq_ft,,,2.89,base,yes,yes,Shaw,HOM-570718,139.98,per_case,45.0,,3.1107,exact,yes,yes,Shaw,LOW-356898,27.98,per_sq_yd,,,3.1089,exact,yes,yes,Shaw,MEN-240333,2.99,per_sq_ft,,,2.99,exact,yes,yes,,,,,,,,not carried,,no,2.99,-0.0334,win,floor_and_decor
G0146,Carpet & Carpet Tile,Broadloom,Broadloom - Oakmont polyester 40,sq_ft,24494.0,Sonoma,FLO-917750,2.29,per_sq_ft,,,2.29,base,yes,yes,TrafficMaster,HOM-510226,2.49,per_sq_ft,,,2.49,equivalent,yes,yes,STAINMASTER,LOW-525945,21.98,per_sq_yd,,,2.4422,equivalent,no,no,Dakota,MEN-472289,119.98,per_case,45.0,,2.6662,equivalent,yes,yes,,,,,,,,not carried,,no,2.49,-0.0803,win,floor_and_decor
G0147,Carpet & Carpet Tile,Broadloom,Broadloom - Calacatta nylon 26,sq_ft,4185.0,Sonoma,FLO-947054,1.69,per_sq_ft,,,1.69,base,yes,yes,Home Decorators Collection,HOM-673928,2.19,per_sq_ft,,,2.19,equivalent,yes,yes,STAINMASTER,LOW-813897,1.89,per_sq_ft,,,1.89,equivalent,yes,yes,Dakota,MEN-968069,1.99,per_sq_ft,,1.59,1.59,equivalent,no,no,,,,,,,,not carried,,no,1.89,-0.1058,win,floor_and_decor
G0148,Carpet & Carpet Tile,Broadloom,Broadloom - Umber nylon 26,sq_ft,9858.0,NuCore Soft,FLO-229910,2.19,per_sq_ft,,,2.19,base,yes,yes,TrafficMaster,HOM-633562,70.97,per_case,26.0,,2.7296,equivalent,yes,yes,Style Selections,LOW-119335,2.29,per_sq_ft,,,2.29,equivalent,yes,yes,Patrician,MEN-226714,60.98,per_case,26.0,,2.3454,equivalent,yes,yes,,,,,,,,not carried,,no,2.29,-0.0437,win,floor_and_decor
G0149,Carpet & Carpet Tile,Carpet Tile,Carpet Tile - Westbury nylon 20,sq_ft,22702.0,Sonoma,FLO-299197,3.29,per_sq_ft,,,3.29,base,yes,yes,TrafficMaster,HOM-242419,3.99,per_sq_ft,,3.39,3.39,equivalent,yes,yes,Style Selections,LOW-376925,3.99,per_sq_ft,,3.29,3.29,close,yes,yes,Dakota,MEN-371181,3.49,per_sq_ft,,,3.49,equivalent,yes,yes,,,,,,,,not carried,,no,3.29,0.0,tie,floor_and_decor
G0150,Carpet & Carpet Tile,Carpet Tile,Carpet Tile - Vintage Elm nylon 26,sq_ft,9545.0,NuCore Soft,FLO-626400,2.69,per_sq_ft,,,2.69,base,yes,yes,Home Decorators Collection,HOM-158415,134.98,per_case,45.0,104.98,2.3329,equivalent,no,no,Style Selections,LOW-228994,2.89,per_sq_ft,,,2.89,equivalent,yes,yes,Patrician,MEN-251105,61.98,per_case,21.53,,2.8788,equivalent,no,no,,,,,,,,not carried,,no,2.89,-0.0692,win,floor_and_decor
G0151,Underlayment,Rubber Underlayment,Rubber Underlayment - Oakmont cork 6,sq_ft,42416.0,QEP,FLO-924641,68.99,per_roll_sqft,100.0,,0.6899,base,yes,yes,QEP,HOM-684902,439.0,per_roll_sqft,630.0,,0.6968,exact,yes,yes,QEP,LOW-424272,71.97,per_roll_sqft,100.0,,0.7197,exact,yes,yes,QEP,MEN-613396,139.98,per_roll_sqft,200.0,,0.6999,exact,yes,yes,,,,,,,,not carried,,no,0.6968,-0.0099,win,floor_and_decor
G0152,Underlayment,Felt Underlayment,Felt Underlayment - Riverbend cork 2,sq_ft,24022.0,QEP,FLO-435639,134.98,per_roll_sqft,200.0,,0.6749,base,yes,yes,QEP,HOM-951538,469.0,per_roll_sqft,630.0,,0.7444,exact,yes,yes,QEP,LOW-846049,0.79,per_sq_ft,,,0.79,exact,yes,yes,QEP,MEN-708346,139.98,per_roll_sqft,200.0,,0.6999,exact,yes,yes,,,,,,,,not carried,,no,0.6999,-0.0357,win,floor_and_decor
G0153,Underlayment,Felt Underlayment,Felt Underlayment - Sierra felt 6,sq_ft,45473.0,Roberts,FLO-665978,65.99,per_roll_sqft,100.0,,0.6599,base,yes,yes,Roberts,HOM-951359,66.99,per_roll_sqft,100.0,,0.6699,exact,yes,yes,Roberts,LOW-356515,0.69,per_sq_ft,,,0.69,exact,yes,yes,Roberts,MEN-432373,124.98,per_roll_sqft,200.0,,0.6249,exact,yes,yes,,,,,,,,not carried,,no,0.6249,0.056,loss,menards
G0154,Underlayment,Foam Underlayment,Foam Underlayment - Zermatt felt 3,sq_ft,70677.0,Roberts,FLO-693835,76.99,per_roll_sqft,200.0,,0.3849,base,yes,yes,Roberts,HOM-342658,87.99,per_roll_sqft,200.0,,0.4399,close,yes,yes,Roberts,LOW-976717,0.49,per_sq_ft,,,0.49,exact,yes,yes,Tuscany,MEN-728345,234.98,per_roll_sqft,630.0,,0.373,equivalent,yes,yes,,,,,,,,not carried,,no,0.373,0.0319,loss,menards
G0155,Underlayment,Felt Underlayment,Felt Underlayment - Yorkshire rubber 6,sq_ft,78432.0,Roberts,FLO-207083,99.98,per_roll_sqft,200.0,,0.4999,base,yes,yes,Roberts,HOM-535642,99.98,per_roll_sqft,200.0,,0.4999,exact,yes,yes,Roberts,LOW-591973,99.98,per_roll_sqft,200.0,,0.4999,exact,yes,yes,Roberts,MEN-466839,329.0,per_roll_sqft,630.0,,0.5222,exact,yes,yes,,,,,,,,not carried,,no,0.4999,0.0,tie,floor_and_decor
G0156,Underlayment,Foam Underlayment,Foam Underlayment - Tidewater felt 3,sq_ft,66869.0,MP Global,FLO-787440,60.97,per_roll_sqft,100.0,,0.6097,base,yes,yes,MP Global,HOM-256975,119.98,per_roll_sqft,200.0,,0.5999,exact,yes,yes,MP Global,LOW-500174,0.69,per_sq_ft,,,0.69,exact,yes,yes,MP Global,MEN-722023,399.0,per_roll_sqft,630.0,,0.6333,exact,no,no,,,,,,,,not carried,,no,0.5999,0.0163,loss,home_depot
G0157,Underlayment,Cork Underlayment,Cork Underlayment - Saxony felt 6,sq_ft,53775.0,FloorMuffler,FLO-711760,89.98,per_roll_sqft,200.0,,0.4499,base,yes,yes,Roberts,HOM-812279,46.97,per_roll_sqft,100.0,,0.4697,equivalent,yes,yes,Roberts,LOW-431065,84.99,per_roll_sqft,200.0,76.98,0.3849,equivalent,yes,yes,Tuscany,MEN-184715,309.0,per_roll_sqft,630.0,269.0,0.427,equivalent,no,no,,,,,,,,not carried,,no,0.3849,0.1689,loss,lowes
G0158,Underlayment,Felt Underlayment,Felt Underlayment - Carrara felt 2,sq_ft,58313.0,MP Global,FLO-528197,37.98,per_roll_sqft,100.0,,0.3798,base,yes,yes,MP Global,HOM-621044,244.98,per_roll_sqft,630.0,194.98,0.3095,exact,yes,yes,MP Global,LOW-654140,74.97,per_roll_sqft,200.0,66.98,0.3349,exact,yes,yes,MP Global,MEN-569555,224.98,per_roll_sqft,630.0,,0.3571,exact,yes,yes,,,,,,,,not carried,,no,0.3095,0.2271,loss,home_depot
G0159,Setting Materials,Unmodified Thinset,Unmodified Thinset - Onyx epoxy mortar standard,lb,36746.0,Bostik,FLO-530338,17.99,per_bag,50.0,,0.3598,base,yes,yes,Bostik,HOM-504881,18.99,per_bag,50.0,,0.3798,exact,yes,yes,Bostik,LOW-762483,8.69,per_bag,25.0,7.29,0.2916,exact,yes,yes,Bostik,MEN-980680,8.39,per_bag,25.0,,0.3356,exact,yes,yes,,,,,,,,not carried,,no,0.2916,0.2339,loss,lowes
G0160,Setting Materials,Unmodified Thinset,Unmodified Thinset - Greystone epoxy mortar premium,lb,33242.0,Laticrete,FLO-856791,11.98,per_bag,25.0,10.99,0.4396,base,yes,yes,Laticrete,HOM-154672,10.99,per_bag,25.0,,0.4396,exact,yes,yes,Laticrete,LOW-852162,22.99,per_bag,50.0,20.99,0.4198,exact,yes,yes,Laticrete,MEN-998358,21.99,per_bag,50.0,17.99,0.3598,exact,yes,yes,Laticrete,TIL-182238,22.97,per_bag,50.0,,0.4594,exact,no,no,0.3598,0.2218,loss,menards
G0161,Setting Materials,Modified Thinset,Modified Thinset - Tidewater epoxy mortar standard,lb,12276.0,MAPEI,FLO-271924,10.98,per_bag,25.0,,0.4392,base,yes,yes,MAPEI,HOM-698922,10.97,per_bag,25.0,,0.4388,exact,yes,yes,MAPEI,LOW-127740,21.97,per_bag,50.0,,0.4394,exact,yes,yes,MAPEI,MEN-436772,21.98,per_bag,50.0,,0.4396,exact,yes,yes,MAPEI,TIL-404659,22.97,per_bag,50.0,,0.4594,exact,yes,yes,0.4388,0.0009,tie,floor_and_decor
G0162,Setting Materials,Modified Thinset,Modified Thinset - Cedar Point large format mortar standard,lb,15613.0,Laticrete,FLO-472952,13.97,per_bag,25.0,,0.5588,base,yes,yes,Laticrete,HOM-446439,13.98,per_bag,25.0,,0.5592,exact,no,no,Laticrete,LOW-470963,26.99,per_bag,50.0,,0.5398,exact,yes,yes,Laticrete,MEN-867005,12.99,per_bag,25.0,,0.5196,exact,yes,yes,,,,,,,,not carried,,no,0.5196,0.0754,loss,menards
G0163,Setting Materials,Epoxy Mortar,Epoxy Mortar - Havana epoxy mortar standard,lb,8110.0,Custom Building Products,FLO-364279,13.98,per_bag,25.0,,0.5592,base,yes,yes,MAPEI,HOM-970939,26.97,per_bag,50.0,,0.5394,weak,yes,no,Custom Building Products,LOW-420191,13.98,per_bag,25.0,,0.5592,exact,yes,yes,Masterforce,MEN-380243,13.98,per_bag,25.0,,0.5592,equivalent,yes,yes,Superior,TIL-420459,29.98,per_bag,50.0,24.98,0.4996,equivalent,yes,yes,0.4996,0.1193,loss,tile_shop
G0164,Setting Materials,Unmodified Thinset,Unmodified Thinset - Riverbend unmodified thinset standard,lb,6676.0,Bostik,FLO-314286,14.97,per_bag,50.0,13.99,0.2798,base,yes,yes,Bostik,HOM-680386,14.99,per_bag,50.0,,0.2998,exact,yes,yes,Bostik,LOW-397257,7.49,per_bag,25.0,,0.2996,exact,yes,yes,Bostik,MEN-902390,6.89,per_bag,25.0,,0.2756,exact,yes,yes,Bostik,TIL-542221,14.97,per_bag,50.0,,0.2994,exact,no,no,0.2756,0.0152,loss,menards
G0165,Setting Materials,Epoxy Mortar,Epoxy Mortar - Windsor unmodified thinset standard,lb,35500.0,MAPEI,FLO-446297,11.97,per_bag,25.0,,0.4788,base,yes,yes,MAPEI,HOM-729137,11.98,per_bag,25.0,9.49,0.3796,exact,yes,yes,Custom Building Products,LOW-590844,21.98,per_bag,50.0,18.99,0.3798,close,yes,yes,Tuscany,MEN-757267,10.99,per_bag,25.0,,0.4396,equivalent,yes,yes,Marmi,TIL-421121,12.99,per_bag,25.0,,0.5196,close,yes,yes,0.3796,0.2613,loss,home_depot
G0166,Setting Materials,Epoxy Mortar,Epoxy Mortar - Alabaster modified thinset standard,lb,30822.0,MAPEI,FLO-737746,30.99,per_bag,50.0,,0.6198,base,yes,yes,Custom Building Products,HOM-636553,31.97,per_bag,50.0,,0.6394,equivalent,yes,yes,Custom Building Products,LOW-569428,32.99,per_bag,50.0,,0.6598,equivalent,yes,yes,Dakota,MEN-959075,28.99,per_bag,50.0,,0.5798,equivalent,yes,yes,Kismet,TIL-881368,35.97,per_bag,50.0,,0.7194,equivalent,yes,yes,0.5798,0.069,loss,menards
G0167,Grout & Caulk,Sanded Grout,Sanded Grout - Tidewater unsanded 0.5,lb,30679.0,Laticrete,FLO-498366,11.99,per_pail,9.0,,1.3322,base,yes,yes,Laticrete,HOM-461646,11.98,per_pail,9.0,10.97,1.2189,exact,yes,yes,Laticrete,LOW-356066,12.97,per_bag,10.0,,1.297,exact,yes,yes,Laticrete,MEN-428129,31.98,per_bag,25.0,,1.2792,exact,no,no,Laticrete,TIL-705194,34.97,per_bag,25.0,,1.3988,exact,yes,yes,1.2189,0.093,loss,home_depot
G0168,Grout & Caulk,Unsanded Grout,Unsanded Grout - Umber epoxy 0.25,lb,18932.0,MAPEI,FLO-383507,13.98,per_pail,9.0,11.99,1.3322,base,yes,yes,MAPEI,HOM-303196,15.97,per_bag,10.0,,1.597,exact,yes,yes,MAPEI,LOW-970366,16.97,per_bag,10.0,,1.697,exact,no,no,MAPEI,MEN-124610,13.98,per_pail,9.0,,1.5533,exact,yes,yes,MAPEI,TIL-716513,41.98,per_bag,25.0,,1.6792,exact,yes,yes,1.5533,-0.1423,win,floor_and_decor
G0169,Grout & Caulk,Single Component Grout,Single Component Grout - Charcoal single component 0.5,lb,5469.0,MAPEI,FLO-394111,10.99,per_pail,9.0,,1.2211,base,yes,yes,MAPEI,HOM-788241,11.98,per_bag,10.0,,1.198,exact,yes,yes,MAPEI,LOW-182918,29.98,per_bag,25.0,,1.1992,exact,yes,yes,MAPEI,MEN-403628,28.97,per_bag,25.0,,1.1588,exact,yes,yes,MAPEI,TIL-765552,12.97,per_bag,10.0,,1.297,exact,yes,yes,1.1588,0.0538,loss,menards
G0170,Grout & Caulk,Sanded Grout,Sanded Grout - Linen sanded 0.125,lb,10089.0,Custom Building Products,FLO-794828,24.98,per_bag,25.0,,0.9992,base,yes,yes,Custom Building Products,HOM-156953,8.99,per_pail,9.0,,0.9989,exact,yes,yes,Custom Building Products,LOW-724552,10.97,per_bag,10.0,,1.097,exact,yes,yes,Custom Building Products,MEN-108884,9.59,per_bag,10.0,,0.959,exact,yes,yes,Custom Building Products,TIL-232138,10.97,per_bag,10.0,,1.097,exact,yes,yes,0.959,0.0419,loss,menards
G0171,Grout & Caulk,Epoxy Grout,Epoxy Grout - Hillcrest epoxy 0.125,lb,34627.0,MAPEI,FLO-217936,9.59,per_pail,9.0,,1.0656,base,yes,yes,MAPEI,HOM-410998,9.99,per_pail,9.0,8.29,0.9211,exact,yes,yes,MAPEI,LOW-399858,10.98,per_bag,10.0,8.69,0.869,exact,yes,yes,MAPEI,MEN-584960,9.99,per_pail,9.0,9.19,1.0211,exact,yes,yes,MAPEI,TIL-520621,10.98,per_bag,10.0,9.39,0.939,exact,yes,yes,0.869,0.2262,loss,lowes
G0172,Grout & Caulk,Epoxy Grout,Epoxy Grout - Riverbend single component 0.25,lb,25514.0,TEC,FLO-294078,32.99,per_bag,25.0,,1.3196,base,yes,yes,TEC,HOM-455843,12.99,per_bag,10.0,9.89,0.989,exact,no,no,,,,,,,,not carried,,no,TEC,MEN-803321,11.98,per_pail,9.0,,1.3311,exact,yes,yes,TEC,TIL-332201,13.98,per_bag,10.0,,1.398,exact,yes,yes,1.3311,-0.0086,win,floor_and_decor
G0173,Grout & Caulk,Sanded Grout,Sanded Grout - Vintage Elm epoxy 0.125,lb,34872.0,Custom Building Products,FLO-212473,11.97,per_pail,9.0,,1.33,base,yes,yes,Custom Building Products,HOM-876333,12.97,per_pail,9.0,,1.4411,close,yes,yes,MAPEI,LOW-213134,11.98,per_bag,10.0,,1.198,equivalent,yes,yes,Masterforce,MEN-823451,11.97,per_pail,9.0,,1.33,equivalent,yes,yes,,,,,,,,not carried,,no,1.198,0.1102,loss,lowes
G0174,Grout & Caulk,Single Component Grout,Single Component Grout - Fieldstone sanded 0.125,lb,31626.0,Laticrete,FLO-174298,11.99,per_pail,9.0,,1.3322,base,yes,yes,Laticrete,HOM-943959,11.97,per_pail,9.0,,1.33,exact,yes,yes,Laticrete,LOW-127724,31.99,per_bag,25.0,,1.2796,exact,yes,yes,Laticrete,MEN-672225,10.98,per_pail,9.0,,1.22,exact,yes,yes,Laticrete,TIL-922593,13.99,per_bag,10.0,12.99,1.299,exact,yes,yes,1.22,0.092,loss,menards
G0175,Trim & Moulding,T-Molding,T-Molding - Westbury quarter round aluminum,lin_ft,26252.0,Sonoma,FLO-751664,13.97,per_piece,8.0,12.97,1.6213,base,yes,yes,Zamma,HOM-227775,16.99,per_piece,8.0,13.99,1.7488,equivalent,yes,yes,Project Source,LOW-653406,1.69,per_lin_ft,,,1.69,equivalent,yes,yes,Patrician,MEN-598655,13.99,per_piece,8.0,,1.7488,close,yes,yes,,,,,,,,not carried,,no,1.69,-0.0407,win,floor_and_decor
G0176,Trim & Moulding,Stair Nose,Stair Nose - Willow Bend quarter round wood,lin_ft,28228.0,Zamma,FLO-670914,25.97,per_piece,6.5,,3.9954,base,yes,yes,Zamma,HOM-913914,27.98,per_piece,6.5,21.98,3.3815,exact,yes,yes,Zamma,LOW-368292,27.98,per_piece,6.5,,4.3046,exact,yes,yes,,,,,,,,not carried,,no,,,,,,,,not carried,,no,3.3815,0.1815,loss,home_depot
G0177,Trim & Moulding,Threshold,Threshold - Sierra quarter round wood,lin_ft,4737.0,DuraLux,FLO-821992,30.97,per_piece,6.5,,4.7646,base,yes,yes,Zamma,HOM-474121,32.99,per_piece,6.5,28.99,4.46,equivalent,yes,yes,Style Selections,LOW-247641,4.69,per_lin_ft,,,4.69,equivalent,no,no,Patrician,MEN-450107,34.98,per_piece,6.5,,5.3815,equivalent,yes,yes,,,,,,,,not carried,,no,4.46,0.0683,loss,home_depot
G0178,Trim & Moulding,Quarter Round,Quarter Round - Hillcrest threshold MDF,lin_ft,17161.0,Shaw,FLO-703607,31.98,per_piece,6.5,,4.92,base,yes,yes,Shaw,HOM-588131,34.99,per_piece,6.5,,5.3831,exact,yes,yes,,,,,,,,not carried,,no,,,,,,,,not carried,,no,,,,,,,,not carried,,no,5.3831,-0.086,win,floor_and_decor
G0179,Trim & Moulding,Reducer,Reducer - Pembroke T-molding vinyl,lin_ft,5654.0,Sonoma,FLO-688417,39.97,per_piece,8.0,,4.9962,base,yes,yes,TrafficMaster,HOM-105011,43.97,per_piece,7.5,,5.8627,equivalent,yes,yes,SMARTCORE,LOW-951551,36.98,per_piece,6.5,32.98,5.0738,equivalent,yes,yes,Patrician,MEN-723608,43.99,per_piece,8.0,38.97,4.8712,equivalent,yes,yes,,,,,,,,not carried,,no,4.8712,0.0257,loss,menards
G0180,Trim & Moulding,Baseboard,Baseboard - Cedar Point T-molding aluminum,lin_ft,19646.0,Sonoma,FLO-392265,11.99,per_piece,6.5,,1.8446,base,yes,yes,Zamma,HOM-351402,13.98,per_piece,7.5,,1.864,equivalent,yes,yes,Project Source,LOW-180810,1.79,per_lin_ft,,,1.79,close,yes,yes,Dakota,MEN-610581,11.98,per_piece,6.5,,1.8431,equivalent,yes,yes,,,,,,,,not carried,,no,1.79,0.0305,loss,lowes
G0181,Trim & Moulding,Quarter Round,Quarter Round - Maplewood reducer wood,lin_ft,25521.0,Shaw,FLO-846835,37.99,per_piece,6.5,33.98,5.2277,base,yes,yes,Shaw,HOM-717056,41.99,per_piece,6.5,,6.46,exact,yes,yes,Shaw,LOW-135777,6.29,per_lin_ft,,5.39,5.39,exact,yes,yes,Shaw,MEN-285792,38.97,per_piece,6.5,,5.9954,exact,yes,yes,,,,,,,,not carried,,no,5.39,-0.0301,win,floor_and_decor
G0182,Trim & Moulding,Stair Nose,Stair Nose - Marbella T-molding vinyl,lin_ft,3260.0,DuraLux,FLO-962172,39.97,per_piece,7.5,,5.3293,base,yes,yes,LifeProof,HOM-547929,41.98,per_piece,6.5,,6.4585,equivalent,yes,yes,Style Selections,LOW-590567,5.39,per_lin_ft,,,5.39,close,yes,yes,Tuscany,MEN-234101,43.99,per_piece,7.5,,5.8653,equivalent,yes,yes,,,,,,,,not carried,,no,5.39,-0.0113,win,floor_and_decor
G0183,Trim & Moulding,Baseboard,Baseboard - Granite Peak quarter round MDF,lin_ft,28601.0,Mohawk,FLO-128555,17.99,per_piece,6.5,,2.7677,base,yes,yes,Mohawk,HOM-691479,18.99,per_piece,6.5,,2.9215,exact,yes,yes,Mohawk,LOW-875833,19.97,per_piece,6.5,,3.0723,exact,no,no,Mohawk,MEN-338644,18.98,per_piece,6.5,,2.92,exact,yes,yes,,,,,,,,not carried,,no,2.92,-0.0522,win,floor_and_decor
G0184,Trim & Moulding,Baseboard,Baseboard - Slate Creek T-molding wood,lin_ft,16519.0,NuCore,FLO-515988,16.99,per_piece,8.0,,2.1237,base,yes,yes,LifeProof,HOM-669890,18.97,per_piece,8.0,14.99,1.8738,equivalent,yes,yes,SMARTCORE,LOW-239415,2.29,per_lin_ft,,,2.29,close,yes,yes,Patrician,MEN-317808,17.99,per_piece,7.5,15.98,2.1307,equivalent,yes,yes,,,,,,,,not carried,,no,1.8738,0.1334,loss,home_depot
G0185,Tile Trim & Edging,Edge Profile,Edge Profile - Riverbend bullnose brushed brass,lin_ft,8453.0,Custom Building Products,FLO-323596,44.97,per_piece,8.0,37.99,4.7488,base,yes,yes,Custom Building Products,HOM-328729,46.99,per_piece,8.0,,5.8738,exact,yes,yes,Custom Building Products,LOW-791567,44.98,per_piece,8.0,,5.6225,exact,yes,yes,Custom Building Products,MEN-925242,44.97,per_piece,8.0,,5.6212,exact,yes,yes,Custom Building Products,TIL-465588,45.99,per_piece,8.0,,5.7488,exact,yes,yes,5.6212,-0.1552,win,floor_and_decor
G0186,Tile Trim & Edging,Stair Nose Profile,Stair Nose Profile - Maplewood bullnose stainless steel,lin_ft,8868.0,Novalis,FLO-693159,87.97,per_piece,8.5,,10.3494,base,yes,yes,Schluter,HOM-438043,95.99,per_piece,8.5,83.98,9.88,equivalent,yes,yes,Schluter,LOW-330364,91.98,per_piece,8.5,,10.8212,close,no,no,Masterforce,MEN-888834,92.97,per_piece,8.5,,10.9376,equivalent,yes,yes,Kismet,TIL-955238,96.99,per_piece,8.5,,11.4106,equivalent,yes,yes,9.88,0.0475,loss,home_depot
G0187,Tile Trim & Edging,Edge Profile,Edge Profile - Juniper bullnose PVC,lin_ft,7716.0,Schluter,FLO-458580,99.98,per_piece,8.5,,11.7624,base,yes,yes,Schluter,HOM-902974,109.98,per_piece,8.5,,12.9388,close,yes,yes,Blanke,LOW-909751,99.98,per_piece,8.5,,11.7624,equivalent,yes,yes,Dakota,MEN-127944,99.98,per_piece,8.5,,11.7624,equivalent,yes,yes,,,,,,,,not carried,,no,11.7624,0.0,tie,floor_and_decor
G0188,Tile Trim & Edging,Transition Profile,Transition Profile - Calacatta square edge stainless steel,lin_ft,7478.0,Custom Building Products,FLO-876094,60.99,per_piece,8.5,,7.1753,base,yes,yes,Custom Building Products,HOM-196899,61.97,per_piece,8.5,,7.2906,exact,yes,yes,Custom Building Products,LOW-317438,60.99,per_piece,8.5,47.99,5.6459,exact,yes,yes,Custom Building Products,MEN-827159,61.97,per_piece,8.5,,7.2906,exact,yes,yes,,,,,,,,not carried,,no,5.6459,0.2709,loss,lowes
G0189,Tile Trim & Edging,Transition Profile,Transition Profile - Saxony square edge stainless steel,lin_ft,3638.0,Novalis,FLO-877506,46.97,per_piece,8.0,,5.8712,base,yes,yes,,,,,,,,not carried,,no,Blanke,LOW-249696,48.97,per_piece,8.0,,6.1212,close,yes,yes,Tuscany,MEN-205009,45.98,per_piece,8.0,,5.7475,close,yes,yes,Rush River,TIL-419101,53.99,per_piece,8.0,,6.7488,equivalent,yes,yes,5.7475,0.0215,loss,menards
G0190,Tile Trim & Edging,Transition Profile,Transition Profile - Amber Ridge bullnose brushed brass,lin_ft,8438.0,Schluter,FLO-126467,78.99,per_piece,8.5,,9.2929,base,yes,yes,,,,,,,,not carried,,no,Schluter,LOW-907351,77.97,per_piece,8.5,,9.1729,exact,yes,yes,,,,,,,,not carried,,no,Schluter,TIL-198718,83.99,per_piece,8.5,,9.8812,exact,yes,yes,9.1729,0.0131,loss,lowes
G0191,Installation Tools,Hand Tool,Hand Tool - Fieldstone knee pads manual,each,1209.0,QEP,FLO-564085,164.98,per_each,,,164.98,base,yes,yes,QEP,HOM-558891,164.98,per_each,,,164.98,exact,yes,yes,QEP,LOW-113528,164.98,per_each,,124.98,124.98,exact,yes,yes,QEP,MEN-306984,169.98,per_each,,,169.98,exact,yes,yes,QEP,TIL-693543,169.98,per_each,,,169.98,exact,yes,yes,124.98,0.3201,loss,lowes
G0192,Installation Tools,Snap Cutter,Snap Cutter - Bergamo mixing paddle manual,each,189.0,Rubi,FLO-777150,104.98,per_each,,,104.98,base,yes,yes,,,,,,,,not carried,,no,Rubi,LOW-700680,104.98,per_each,,,104.98,exact,yes,yes,,,,,,,,not carried,,no,Rubi,TIL-326793,109.98,per_each,,87.98,87.98,exact,yes,yes,87.98,0.1932,loss,tile_shop
G0193,Installation Tools,Wet Saw,Wet Saw - Havana mixing paddle electric,each,1526.0,DEWALT,FLO-627239,164.98,per_each,,,164.98,base,yes,yes,DEWALT,HOM-216390,169.98,per_each,,,169.98,exact,yes,yes,DEWALT,LOW-449481,164.98,per_each,,,164.98,exact,yes,yes,DEWALT,MEN-974556,164.98,per_each,,,164.98,exact,yes,yes,DEWALT,TIL-267756,174.98,per_each,,,174.98,exact,yes,yes,164.98,0.0,tie,floor_and_decor
G0194,Installation Tools,Hand Tool,Hand Tool - Copperfield leveling clips electric,each,3378.0,DEWALT,FLO-321285,99.98,per_each,,,99.98,base,yes,yes,DEWALT,HOM-289074,99.98,per_each,,,99.98,exact,yes,yes,DEWALT,LOW-466369,99.98,per_each,,,99.98,exact,yes,yes,DEWALT,MEN-318790,99.98,per_each,,,99.98,exact,yes,yes,DEWALT,TIL-310669,104.98,per_each,,,104.98,exact,no,no,99.98,0.0,tie,floor_and_decor
G0195,Installation Tools,Leveling System,Leveling System - Oakmont notched trowel manual,each,2743.0,Rubi,FLO-586148,88.98,per_each,,,88.98,base,yes,yes,Rubi,HOM-966585,90.99,per_each,,68.98,68.98,exact,yes,yes,Rubi,LOW-384358,86.97,per_each,,,86.97,exact,yes,yes,Rubi,MEN-921334,87.98,per_each,,80.99,80.99,exact,yes,yes,Rubi,TIL-774916,89.99,per_each,,,89.99,exact,yes,yes,68.98,0.2899,loss,home_depot
G0196,Installation Tools,Hand Tool,Hand Tool - Willow Bend leveling clips electric,each,2105.0,Rubi,FLO-121729,129.98,per_each,,,129.98,base,yes,yes,Rubi,HOM-353323,129.98,per_each,,,129.98,exact,yes,yes,Rubi,LOW-157400,129.98,per_each,,,129.98,exact,yes,yes,Rubi,MEN-278108,124.98,per_each,,,124.98,exact,yes,yes,Rubi,TIL-546905,134.98,per_each,,114.98,114.98,exact,yes,yes,114.98,0.1305,loss,tile_shop
G0197,Vanities & Tops,Double Sink Vanity,Double Sink Vanity - Quarry 48 engineered stone top,each,720.0,Foremost,FLO-492560,739.0,per_each,,619.0,619.0,base,yes,yes,Foremost,HOM-156078,739.0,per_each,,,739.0,exact,yes,yes,Foremost,LOW-950720,719.0,per_each,,,719.0,exact,yes,yes,Foremost,MEN-562083,689.0,per_each,,,689.0,exact,yes,yes,,,,,,,,not carried,,no,689.0,-0.1016,win,floor_and_decor
G0198,Vanities & Tops,Double Sink Vanity,Double Sink Vanity - Charcoal 30 quartz top,each,457.0,Sonoma,FLO-736224,469.0,per_each,,,469.0,base,yes,yes,Glacier Bay,HOM-362597,389.0,per_each,,,389.0,close,yes,yes,Origin 21,LOW-524566,419.0,per_each,,,419.0,equivalent,yes,yes,Dakota,MEN-268725,389.0,per_each,,,389.0,equivalent,yes,yes,,,,,,,,not carried,,no,389.0,0.2057,loss,home_depot
G0199,Vanities & Tops,Double Sink Vanity,Double Sink Vanity - Sundance 48 quartz top,each,517.0,Sonoma,FLO-956745,669.0,per_each,,,669.0,base,yes,yes,Home Decorators Collection,HOM-347443,649.0,per_each,,,649.0,close,yes,yes,Origin 21,LOW-862407,619.0,per_each,,,619.0,equivalent,yes,yes,Dakota,MEN-730744,649.0,per_each,,,649.0,close,yes,yes,,,,,,,,not carried,,no,619.0,0.0808,loss,lowes
G0200,Vanities & Tops,Single Sink Vanity,Single Sink Vanity - Amber Ridge 24 engineered stone top,each,856.0,Sonoma,FLO-946850,879.0,per_each,,,879.0,base,yes,yes,Home Decorators Collection,HOM-254557,869.0,per_each,,,869.0,weak,yes,no,Origin 21,LOW-584218,799.0,per_each,,,799.0,close,yes,yes,Masterforce,MEN-754412,699.0,per_each,,,699.0,close,no,no,,,,,,,,not carried,,no,799.0,0.1001,loss,lowes
