group_id,category,subcategory,description,basis,annual_volume,fnd_unit_price,home_depot_unit_price,home_depot_delta_pct,home_depot_match_tier,lowes_unit_price,lowes_delta_pct,lowes_match_tier,menards_unit_price,menards_delta_pct,menards_match_tier,tile_shop_unit_price,tile_shop_delta_pct,tile_shop_match_tier,market_min,gap_vs_market_min,outcome,cheapest_retailer,flags
G0001,Luxury Vinyl Plank,Glue Down LVP,Glue Down LVP - Ashford rigid core 28,sq_ft,181026.0,2.49,2.9973,0.2037,equivalent,2.59,0.0402,equivalent,,,none,2.49,0.0,equivalent,2.49,0.0,tie,floor_and_decor,no_competitor_offer:menards;promo_driven_gap:tile_shop
G0002,Luxury Vinyl Plank,SPC Rigid Core,SPC Rigid Core - Windsor SPC 6,sq_ft,232102.0,1.89,2.09,0.1058,equivalent,,,none,2.1432,0.134,equivalent,2.19,0.1587,equivalent,2.09,-0.0957,win,floor_and_decor,competitor_out_of_stock:tile_shop;no_competitor_offer:lowes
G0003,Luxury Vinyl Plank,Glue Down LVP,Glue Down LVP - Bergamo WPC 22,sq_ft,144948.0,4.79,,,none,5.004,0.0447,exact,4.7385,-0.0108,exact,5.29,0.1044,exact,4.7385,0.0109,loss,menards,no_competitor_offer:home_depot
G0004,Luxury Vinyl Plank,WPC Rigid Core,WPC Rigid Core - Nordic rigid core 20,sq_ft,153834.0,3.09,4.1371,0.3389,equivalent,4.652,0.5055,equivalent,,,none,,,none,4.1371,-0.2531,win,floor_and_decor,extreme_gap:lowes;no_competitor_offer:menards;no_competitor_offer:tile_shop
G0005,Luxury Vinyl Plank,Waterproof LVP,Waterproof LVP - Stonehaven WPC 12,sq_ft,56423.0,3.69,5.0332,0.364,equivalent,5.3371,0.4464,equivalent,5.79,0.5691,equivalent,5.2773,0.4302,equivalent,5.0332,-0.2669,win,floor_and_decor,competitor_out_of_stock:menards;extreme_gap:lowes;extreme_gap:tile_shop
G0006,Luxury Vinyl Plank,Waterproof LVP,Waterproof LVP - Blackwater rigid core 20,sq_ft,107649.0,4.39,4.79,0.0911,exact,4.6902,0.0684,exact,4.69,0.0683,exact,4.99,0.1367,exact,4.69,-0.064,win,floor_and_decor,
G0007,Luxury Vinyl Plank,SPC Rigid Core,SPC Rigid Core - Oakmont WPC 22,sq_ft,76661.0,2.79,3.09,0.1075,equivalent,3.1217,0.1189,equivalent,3.3909,0.2154,equivalent,3.2557,0.1669,equivalent,3.1217,-0.1063,win,floor_and_decor,competitor_out_of_stock:home_depot
G0008,Luxury Vinyl Plank,WPC Rigid Core,WPC Rigid Core - Vintage Elm WPC 28,sq_ft,233094.0,4.49,5.99,0.3341,equivalent,4.99,0.1114,equivalent,5.59,0.245,equivalent,,,none,4.99,-0.1002,win,floor_and_decor,no_competitor_offer:tile_shop
G0009,Luxury Vinyl Plank,Waterproof LVP,Waterproof LVP - Zermatt WPC 20,sq_ft,146770.0,3.39,4.09,0.2065,equivalent,4.2687,0.2592,equivalent,2.8568,-0.1573,equivalent,4.59,0.354,equivalent,2.8568,0.1866,loss,menards,promo_driven_gap:menards
G0010,Luxury Vinyl Plank,SPC Rigid Core,SPC Rigid Core - Stonehaven WPC 12,sq_ft,113210.0,3.49,3.6902,0.0574,exact,3.69,0.0573,exact,3.59,0.0287,exact,,,none,3.59,-0.0279,win,floor_and_decor,no_competitor_offer:tile_shop
G0011,Luxury Vinyl Plank,SPC Rigid Core,SPC Rigid Core - Harbor Oak WPC 12,sq_ft,163958.0,2.59,2.7704,0.0697,equivalent,2.7543,0.0634,equivalent,3.1222,0.2055,equivalent,3.6282,0.4008,equivalent,2.7543,-0.0597,win,floor_and_decor,competitor_out_of_stock:tile_shop
G0012,Luxury Vinyl Plank,Waterproof LVP,Waterproof LVP - Zermatt rigid core 12,sq_ft,192148.0,3.19,3.39,0.0627,equivalent,3.79,0.1881,equivalent,3.805,0.1928,equivalent,3.79,0.1881,equivalent,3.39,-0.059,win,floor_and_decor,
G0013,Luxury Vinyl Plank,SPC Rigid Core,SPC Rigid Core - Umber rigid core 22,sq_ft,54349.0,2.09,2.4883,0.1906,equivalent,2.39,0.1435,equivalent,2.3856,0.1414,equivalent,2.7573,0.3193,close,2.3856,-0.1239,win,floor_and_decor,
G0014,Luxury Vinyl Plank,SPC Rigid Core,SPC Rigid Core - Thornbury WPC 20,sq_ft,192652.0,4.69,4.9467,0.0547,exact,4.9046,0.0458,exact,4.5806,-0.0233,exact,,,none,4.5806,0.0239,loss,menards,no_competitor_offer:tile_shop
G0015,Luxury Vinyl Plank,Glue Down LVP,Glue Down LVP - Blackwater rigid core 6,sq_ft,211980.0,4.29,4.5883,0.0695,equivalent,4.99,0.1632,equivalent,,,none,,,none,4.5883,-0.065,win,floor_and_decor,competitor_out_of_stock:lowes;no_competitor_offer:menards;no_competitor_offer:tile_shop
G0016,Luxury Vinyl Plank,Waterproof LVP,Waterproof LVP - Maplewood rigid core 22,sq_ft,203747.0,4.39,5.6247,0.2813,equivalent,4.09,-0.0683,equivalent,3.7334,-0.1496,equivalent,4.2781,-0.0255,equivalent,3.7334,0.1759,loss,menards,promo_driven_gap:lowes;promo_driven_gap:menards;promo_driven_gap:tile_shop
G0017,Luxury Vinyl Plank,SPC Rigid Core,SPC Rigid Core - Oakmont WPC 6,sq_ft,64460.0,3.29,4.19,0.2736,equivalent,4.184,0.2717,equivalent,2.99,-0.0912,equivalent,3.0015,-0.0877,equivalent,3.0015,0.0961,loss,tile_shop,competitor_out_of_stock:menards;promo_driven_gap:tile_shop
G0018,Luxury Vinyl Plank,Waterproof LVP,Waterproof LVP - Pembroke SPC 22,sq_ft,19092.0,3.69,4.1368,0.1211,exact,3.89,0.0542,exact,3.99,0.0813,exact,4.29,0.1626,exact,3.89,-0.0514,win,floor_and_decor,competitor_out_of_stock:home_depot
G0019,Luxury Vinyl Plank,SPC Rigid Core,SPC Rigid Core - Sierra WPC 12,sq_ft,246749.0,2.79,2.59,-0.0717,equivalent,2.99,0.0717,equivalent,3.09,0.1075,equivalent,3.5149,0.2598,equivalent,2.59,0.0772,loss,home_depot,promo_driven_gap:home_depot
G0020,Luxury Vinyl Plank,Glue Down LVP,Glue Down LVP - Bianco rigid core 22,sq_ft,205990.0,3.29,3.39,0.0304,exact,3.5302,0.073,exact,3.49,0.0608,exact,3.6155,0.0989,exact,3.39,-0.0295,win,floor_and_decor,
G0021,Luxury Vinyl Plank,WPC Rigid Core,WPC Rigid Core - Espresso SPC 12,sq_ft,156612.0,3.99,4.59,0.1504,equivalent,4.79,0.2005,equivalent,4.09,0.0251,equivalent,5.89,0.4762,equivalent,4.09,-0.0244,win,floor_and_decor,extreme_gap:tile_shop
G0022,Luxury Vinyl Plank,WPC Rigid Core,WPC Rigid Core - Yorkshire rigid core 6,sq_ft,177638.0,2.49,2.691,0.0807,equivalent,2.4941,0.0016,equivalent,2.9961,0.2033,equivalent,2.5957,0.0424,equivalent,2.4941,-0.0016,tie,floor_and_decor,
G0023,Luxury Vinyl Plank,Glue Down LVP,Glue Down LVP - Coastal Grey WPC 6,sq_ft,64412.0,4.79,4.69,-0.0209,equivalent,5.2936,0.1051,equivalent,4.79,0.0,equivalent,5.9163,0.2351,equivalent,4.69,0.0213,loss,home_depot,promo_driven_gap:home_depot;promo_driven_gap:menards
G0024,Luxury Vinyl Plank,Waterproof LVP,Waterproof LVP - Kingsport SPC 12,sq_ft,152137.0,4.49,4.19,-0.0668,equivalent,5.113,0.1388,close,4.7211,0.0515,equivalent,5.79,0.2895,equivalent,4.19,0.0716,loss,home_depot,promo_driven_gap:home_depot
G0025,Luxury Vinyl Plank,WPC Rigid Core,WPC Rigid Core - Bergamo WPC 28,sq_ft,247080.0,2.89,3.19,0.1038,equivalent,2.782,-0.0374,equivalent,3.29,0.1384,equivalent,3.69,0.2768,equivalent,2.782,0.0388,loss,lowes,promo_driven_gap:lowes
G0026,Luxury Vinyl Plank,Glue Down LVP,Glue Down LVP - Fieldstone WPC 20,sq_ft,240188.0,3.79,5.163,0.3623,equivalent,5.49,0.4485,equivalent,6.1638,0.6263,equivalent,6.623,0.7475,equivalent,5.163,-0.2659,win,floor_and_decor,extreme_gap:lowes;extreme_gap:menards;extreme_gap:tile_shop
G0027,Luxury Vinyl Plank,Glue Down LVP,Glue Down LVP - Ivory rigid core 20,sq_ft,212609.0,3.19,3.89,0.2194,equivalent,3.6676,0.1497,equivalent,3.4474,0.0807,equivalent,3.59,0.1254,equivalent,3.4474,-0.0747,win,floor_and_decor,
G0028,Luxury Vinyl Plank,Glue Down LVP,Glue Down LVP - Alabaster SPC 12,sq_ft,132973.0,2.09,2.69,0.2871,equivalent,2.1526,0.03,equivalent,2.5063,0.1992,equivalent,2.2782,0.09,equivalent,2.1526,-0.0291,win,floor_and_decor,competitor_out_of_stock:tile_shop
G0029,Luxury Vinyl Plank,Waterproof LVP,Waterproof LVP - Autumn Hollow SPC 12,sq_ft,212904.0,1.79,1.99,0.1117,equivalent,2.19,0.2235,equivalent,1.6222,-0.0937,equivalent,2.0961,0.171,equivalent,1.6222,0.1034,loss,menards,promo_driven_gap:menards
G0030,Luxury Vinyl Plank,WPC Rigid Core,WPC Rigid Core - Granite Peak WPC 12,sq_ft,195088.0,4.29,4.69,0.0932,equivalent,5.4888,0.2794,equivalent,,,none,5.39,0.2564,equivalent,4.69,-0.0853,win,floor_and_decor,no_competitor_offer:menards
G0031,Laminate,Waterproof Laminate,Waterproof Laminate - Fieldstone 4 7,sq_ft,91308.0,1.99,2.39,0.201,exact,2.39,0.201,exact,2.2473,0.1293,exact,,,none,2.2473,-0.1145,win,floor_and_decor,no_competitor_offer:tile_shop
G0032,Laminate,Waterproof Laminate,Waterproof Laminate - Sundance 4 12,sq_ft,157778.0,2.99,2.89,-0.0334,equivalent,2.8159,-0.0582,equivalent,3.09,0.0334,equivalent,,,none,2.8159,0.0618,loss,lowes,no_competitor_offer:tile_shop;promo_driven_gap:home_depot;promo_driven_gap:lowes
G0033,Laminate,Water Resistant Laminate,Water Resistant Laminate - Coastal Grey 3 7,sq_ft,63538.0,2.59,2.79,0.0772,equivalent,3.09,0.1931,equivalent,2.69,0.0386,equivalent,,,none,2.69,-0.0372,win,floor_and_decor,competitor_out_of_stock:lowes;no_competitor_offer:tile_shop
G0034,Laminate,Water Resistant Laminate,Water Resistant Laminate - Saxony 5 7,sq_ft,49772.0,2.29,2.69,0.1747,equivalent,2.608,0.1389,equivalent,1.99,-0.131,equivalent,,,none,1.99,0.1508,loss,menards,no_competitor_offer:tile_shop
G0035,Laminate,Water Resistant Laminate,Water Resistant Laminate - Pembroke 5 7,sq_ft,179784.0,1.49,1.29,-0.1342,equivalent,1.89,0.2685,equivalent,1.79,0.2013,equivalent,,,none,1.29,0.155,loss,home_depot,no_competitor_offer:tile_shop;promo_driven_gap:home_depot
G0036,Laminate,Waterproof Laminate,Waterproof Laminate - Slate Creek 4 10,sq_ft,179213.0,2.49,2.1326,-0.1435,equivalent,3.09,0.241,equivalent,2.99,0.2008,equivalent,,,none,2.1326,0.1676,loss,home_depot,no_competitor_offer:tile_shop;promo_driven_gap:home_depot
G0037,Laminate,Water Resistant Laminate,Water Resistant Laminate - Umber 3 8,sq_ft,10355.0,1.79,1.8879,0.0547,close,2.09,0.1676,equivalent,1.89,0.0559,equivalent,,,none,1.8879,-0.0519,win,floor_and_decor,no_competitor_offer:tile_shop
G0038,Laminate,Waterproof Laminate,Waterproof Laminate - Cedar Point 4 12,sq_ft,18181.0,2.39,2.6355,0.1027,equivalent,2.59,0.0837,equivalent,2.8878,0.2083,equivalent,,,none,2.59,-0.0772,win,floor_and_decor,no_competitor_offer:tile_shop
G0039,Laminate,Water Resistant Laminate,Water Resistant Laminate - Windsor 5 10,sq_ft,70810.0,1.89,2.09,0.1058,equivalent,2.1612,0.1435,equivalent,2.39,0.2646,equivalent,,,none,2.09,-0.0957,win,floor_and_decor,no_competitor_offer:tile_shop
G0040,Laminate,Waterproof Laminate,Waterproof Laminate - Coastal Grey 5 12,sq_ft,18195.0,3.39,3.5505,0.0473,exact,3.49,0.0295,exact,2.8591,-0.1566,exact,,,none,3.49,-0.0287,win,floor_and_decor,competitor_out_of_stock:menards;no_competitor_offer:tile_shop
G0041,Laminate,Waterproof Laminate,Waterproof Laminate - Chelsea 4 7,sq_ft,33774.0,1.29,1.49,0.155,equivalent,1.338,0.0372,equivalent,1.28,-0.0078,equivalent,,,none,1.338,-0.0359,win,floor_and_decor,competitor_out_of_stock:menards;no_competitor_offer:tile_shop
G0042,Laminate,Waterproof Laminate,Waterproof Laminate - Willow Bend 4 7,sq_ft,42624.0,2.29,2.4516,0.0706,equivalent,2.79,0.2183,equivalent,2.89,0.262,equivalent,,,none,2.4516,-0.0659,win,floor_and_decor,no_competitor_offer:tile_shop
G0043,Laminate,Waterproof Laminate,Waterproof Laminate - Willow Bend 5 8,sq_ft,113014.0,3.39,,,none,3.59,0.059,equivalent,4.1082,0.2119,equivalent,,,none,3.59,-0.0557,win,floor_and_decor,no_competitor_offer:home_depot;no_competitor_offer:tile_shop
G0044,Laminate,Water Resistant Laminate,Water Resistant Laminate - Carrara 4 12,sq_ft,40708.0,2.59,3.19,0.2317,equivalent,2.9599,0.1428,equivalent,2.9955,0.1566,close,,,none,2.9599,-0.125,win,floor_and_decor,competitor_out_of_stock:menards;no_competitor_offer:tile_shop
G0045,Laminate,Water Resistant Laminate,Water Resistant Laminate - Barnwood 4 12,sq_ft,106096.0,2.19,2.39,0.0913,exact,2.29,0.0457,exact,,,none,,,none,2.29,-0.0437,win,floor_and_decor,no_competitor_offer:menards;no_competitor_offer:tile_shop
G0046,Laminate,Standard Laminate,Standard Laminate - Whitewash 3 12,sq_ft,29385.0,2.19,2.59,0.1826,exact,2.5538,0.1661,exact,2.49,0.137,exact,,,none,2.49,-0.1205,win,floor_and_decor,no_competitor_offer:tile_shop
G0047,Laminate,Water Resistant Laminate,Water Resistant Laminate - Sterling 3 10,sq_ft,159396.0,3.49,4.2201,0.2092,equivalent,3.9862,0.1422,close,3.69,0.0573,equivalent,,,none,3.69,-0.0542,win,floor_and_decor,no_competitor_offer:tile_shop
G0048,Laminate,Water Resistant Laminate,Water Resistant Laminate - Charcoal 3 10,sq_ft,132972.0,2.29,2.69,0.1747,equivalent,2.359,0.0301,equivalent,2.39,0.0437,equivalent,,,none,2.359,-0.0292,win,floor_and_decor,no_competitor_offer:tile_shop
G0049,Engineered Hardwood,Click Engineered,Click Engineered - Copperfield white oak 3.0,sq_ft,48288.0,6.49,7.99,0.2311,equivalent,6.89,0.0616,close,7.5502,0.1634,equivalent,,,none,6.89,-0.0581,win,floor_and_decor,no_competitor_offer:tile_shop
G0050,Engineered Hardwood,Glue Down Engineered,Glue Down Engineered - Cedar Point birch 4.0,sq_ft,57976.0,3.09,3.6849,0.1925,exact,4.49,0.4531,exact,3.2928,0.0656,exact,,,none,3.2928,-0.0616,win,floor_and_decor,extreme_gap:lowes;no_competitor_offer:tile_shop
G0051,Engineered Hardwood,Wide Plank Engineered,Wide Plank Engineered - Windsor white oak 3.0,sq_ft,7683.0,4.49,5.29,0.1782,equivalent,4.09,-0.0891,close,5.4937,0.2235,close,,,none,4.09,0.0978,loss,lowes,competitor_out_of_stock:menards;no_competitor_offer:tile_shop;promo_driven_gap:lowes
G0052,Engineered Hardwood,Wide Plank Engineered,Wide Plank Engineered - Ivory hickory 2.0,sq_ft,62688.0,5.39,6.6257,0.2293,close,5.7464,0.0661,equivalent,6.59,0.2226,equivalent,,,none,6.59,-0.1821,win,floor_and_decor,competitor_out_of_stock:lowes;no_competitor_offer:tile_shop
G0053,Engineered Hardwood,Wide Plank Engineered,Wide Plank Engineered - Windsor red oak 3.0,sq_ft,27903.0,3.89,5.29,0.3599,close,5.09,0.3085,equivalent,4.3438,0.1167,close,,,none,4.3438,-0.1045,win,floor_and_decor,competitor_out_of_stock:home_depot;no_competitor_offer:tile_shop
G0054,Engineered Hardwood,Wide Plank Engineered,Wide Plank Engineered - Greystone birch 3.0,sq_ft,55125.0,2.79,4.1261,0.4789,equivalent,4.0684,0.4582,equivalent,4.2563,0.5256,equivalent,,,none,4.0684,-0.3142,win,floor_and_decor,extreme_gap:home_depot;extreme_gap:lowes;extreme_gap:menards;no_competitor_offer:tile_shop
G0055,Engineered Hardwood,Wide Plank Engineered,Wide Plank Engineered - Autumn Hollow red oak 4.0,sq_ft,46645.0,4.29,4.89,0.1399,equivalent,5.4765,0.2766,equivalent,5.0585,0.1791,equivalent,,,none,4.89,-0.1227,win,floor_and_decor,no_competitor_offer:tile_shop
G0056,Engineered Hardwood,Wide Plank Engineered,Wide Plank Engineered - Sandstone hickory 0.6,sq_ft,40648.0,8.89,10.6753,0.2008,equivalent,10.7889,0.2136,equivalent,10.98,0.2351,equivalent,,,none,10.6753,-0.1672,win,floor_and_decor,no_competitor_offer:tile_shop
G0057,Engineered Hardwood,Click Engineered,Click Engineered - Millbrook birch 2.0,sq_ft,37319.0,4.19,4.49,0.0716,close,5.49,0.3103,equivalent,4.39,0.0477,equivalent,,,none,4.39,-0.0456,win,floor_and_decor,no_competitor_offer:tile_shop
G0058,Engineered Hardwood,Glue Down Engineered,Glue Down Engineered - Calacatta white oak 2.0,sq_ft,52835.0,4.29,5.3984,0.2584,equivalent,5.49,0.2797,close,5.3109,0.238,close,,,none,5.3109,-0.1922,win,floor_and_decor,competitor_out_of_stock:home_depot;no_competitor_offer:tile_shop
G0059,Engineered Hardwood,Click Engineered,Click Engineered - Cambridge birch 3.0,sq_ft,59690.0,6.99,7.29,0.0429,exact,7.2841,0.0421,exact,7.6621,0.0962,exact,,,none,7.2841,-0.0404,win,floor_and_decor,no_competitor_offer:tile_shop
G0060,Engineered Hardwood,Click Engineered,Click Engineered - Havana birch 3.0,sq_ft,61722.0,7.59,9.49,0.2503,equivalent,8.8674,0.1683,equivalent,9.3919,0.2374,equivalent,,,none,8.8674,-0.1441,win,floor_and_decor,competitor_out_of_stock:home_depot;no_competitor_offer:tile_shop
G0061,Engineered Hardwood,Wide Plank Engineered,Wide Plank Engineered - Amber Ridge birch 0.6,sq_ft,10213.0,6.59,,,none,8.39,0.2731,equivalent,7.09,0.0759,equivalent,,,none,7.09,-0.0705,win,floor_and_decor,no_competitor_offer:home_depot;no_competitor_offer:tile_shop
G0062,Engineered Hardwood,Glue Down Engineered,Glue Down Engineered - Copperfield walnut 0.6,sq_ft,54920.0,5.79,6.2186,0.074,equivalent,7.0036,0.2096,equivalent,7.2806,0.2574,equivalent,,,none,6.2186,-0.0689,win,floor_and_decor,competitor_out_of_stock:lowes;no_competitor_offer:tile_shop
G0063,Engineered Hardwood,Glue Down Engineered,Glue Down Engineered - Alabaster red oak 2.0,sq_ft,62801.0,7.49,8.2377,0.0998,equivalent,7.9008,0.0548,equivalent,8.79,0.1736,equivalent,,,none,7.9008,-0.052,win,floor_and_decor,no_competitor_offer:tile_shop
G0064,Engineered Hardwood,Click Engineered,Click Engineered - Dunmore walnut 4.0,sq_ft,57666.0,4.99,3.99,-0.2004,exact,5.09,0.02,exact,5.09,0.02,exact,,,none,3.99,0.2506,loss,home_depot,no_competitor_offer:tile_shop;promo_driven_gap:home_depot
G0065,Solid Hardwood,Unfinished Solid,Unfinished Solid - Saxony birch 0.5,sq_ft,34431.0,6.99,8.0672,0.1541,equivalent,5.99,-0.1431,equivalent,8.1822,0.1706,equivalent,,,none,5.99,0.1669,loss,lowes,no_competitor_offer:tile_shop;promo_driven_gap:lowes
G0066,Solid Hardwood,Prefinished Solid,Prefinished Solid - Nordic birch 0.5,sq_ft,37873.0,5.49,6.4321,0.1716,equivalent,,,none,6.79,0.2368,equivalent,,,none,6.4321,-0.1465,win,floor_and_decor,no_competitor_offer:lowes;no_competitor_offer:tile_shop
G0067,Solid Hardwood,Prefinished Solid,Prefinished Solid - Tidewater white oak 0.5,sq_ft,37609.0,8.19,10.98,0.3407,exact,9.49,0.1587,exact,8.99,0.0977,exact,,,none,8.99,-0.089,win,floor_and_decor,no_competitor_offer:tile_shop
G0068,Solid Hardwood,Prefinished Solid,Prefinished Solid - Bergamo birch 0.5,sq_ft,33958.0,7.99,9.7336,0.2182,equivalent,9.69,0.2128,close,9.39,0.1752,equivalent,,,none,9.39,-0.1491,win,floor_and_decor,no_competitor_offer:tile_shop
G0069,Solid Hardwood,Prefinished Solid,Prefinished Solid - Meridian white oak 0.5,sq_ft,3821.0,3.69,4.0677,0.1024,exact,3.69,0.0,exact,3.99,0.0813,exact,,,none,3.69,0.0,tie,floor_and_decor,no_competitor_offer:tile_shop;promo_driven_gap:lowes
G0070,Solid Hardwood,Unfinished Solid,Unfinished Solid - Quarry red oak 0.75,sq_ft,14857.0,7.19,8.3483,0.1611,equivalent,8.59,0.1947,equivalent,8.59,0.1947,equivalent,,,none,8.3483,-0.1387,win,floor_and_decor,no_competitor_offer:tile_shop
G0071,Solid Hardwood,Unfinished Solid,Unfinished Solid - Meridian red oak 0.5,sq_ft,15455.0,6.49,9.39,0.4468,equivalent,9.19,0.416,close,6.3082,-0.028,equivalent,,,none,6.3082,0.0288,loss,menards,extreme_gap:home_depot;extreme_gap:lowes;no_competitor_offer:tile_shop;promo_driven_gap:menards
G0072,Solid Hardwood,Unfinished Solid,Unfinished Solid - Nordic hickory 0.5,sq_ft,43831.0,6.19,7.8793,0.2729,equivalent,7.29,0.1777,equivalent,6.49,0.0485,equivalent,,,none,6.49,-0.0462,win,floor_and_decor,competitor_out_of_stock:lowes;no_competitor_offer:tile_shop
G0073,Solid Hardwood,Prefinished Solid,Prefinished Solid - Cambridge maple 0.75,sq_ft,34840.0,3.89,4.4385,0.141,close,4.19,0.0771,equivalent,3.69,-0.0514,equivalent,,,none,3.69,0.0542,loss,menards,no_competitor_offer:tile_shop;promo_driven_gap:menards
G0074,Solid Hardwood,Prefinished Solid,Prefinished Solid - Yorkshire birch 0.75,sq_ft,13631.0,4.79,5.4169,0.1309,close,5.59,0.167,equivalent,5.1653,0.0784,equivalent,,,none,5.1653,-0.0727,win,floor_and_decor,no_competitor_offer:tile_shop
G0075,Porcelain Tile,Outdoor Paver,Outdoor Paver - Bianco porcelain 12x12,sq_ft,35970.0,1.69,1.99,0.1775,equivalent,1.79,0.0592,equivalent,1.6016,-0.0523,equivalent,2.19,0.2959,equivalent,1.6016,0.0552,loss,menards,promo_driven_gap:menards
G0076,Porcelain Tile,Outdoor Paver,Outdoor Paver - Stonehaven porcelain 12x12,sq_ft,105389.0,3.69,4.49,0.2168,equivalent,4.39,0.1897,equivalent,4.9337,0.337,equivalent,5.19,0.4065,equivalent,4.39,-0.1595,win,floor_and_decor,extreme_gap:tile_shop
G0077,Porcelain Tile,Concrete Look,Concrete Look - Tidewater porcelain 24x24,sq_ft,96069.0,2.09,2.6102,0.2489,equivalent,2.49,0.1914,equivalent,2.29,0.0957,equivalent,2.3475,0.1232,equivalent,2.29,-0.0873,win,floor_and_decor,
G0078,Porcelain Tile,Marble Look,Marble Look - Bayside porcelain 12x12,sq_ft,81021.0,1.89,2.19,0.1587,equivalent,2.39,0.2646,equivalent,1.99,0.0529,equivalent,,,none,2.39,-0.2092,win,floor_and_decor,competitor_out_of_stock:home_depot;competitor_out_of_stock:menards;no_competitor_offer:tile_shop
G0079,Porcelain Tile,Outdoor Paver,Outdoor Paver - Maplewood porcelain 8x48,sq_ft,25412.0,3.99,4.5826,0.1485,exact,4.4962,0.1269,exact,,,none,4.29,0.0752,exact,4.29,-0.0699,win,floor_and_decor,no_competitor_offer:menards
G0080,Porcelain Tile,Concrete Look,Concrete Look - Blackwater porcelain 24x48,sq_ft,141764.0,3.79,4.19,0.1055,equivalent,4.59,0.2111,equivalent,4.4543,0.1753,equivalent,5.09,0.343,equivalent,4.19,-0.0955,win,floor_and_decor,
G0081,Porcelain Tile,Wood Look Plank,Wood Look Plank - Bayside porcelain 6x24,sq_ft,50412.0,2.19,2.39,0.0913,exact,2.49,0.137,exact,2.39,0.0913,exact,2.39,0.0913,exact,2.39,-0.0837,win,floor_and_decor,
G0082,Porcelain Tile,Marble Look,Marble Look - Bergamo porcelain 12x12,sq_ft,18352.0,3.09,3.49,0.1294,equivalent,2.79,-0.0971,equivalent,3.4904,0.1296,equivalent,4.19,0.356,equivalent,3.49,-0.1146,win,floor_and_decor,competitor_out_of_stock:lowes
G0083,Porcelain Tile,Outdoor Paver,Outdoor Paver - Thornbury porcelain 6x36,sq_ft,78094.0,2.49,3.39,0.3614,equivalent,,,none,2.9349,0.1787,equivalent,3.29,0.3213,equivalent,2.9349,-0.1516,win,floor_and_decor,no_competitor_offer:lowes
G0084,Porcelain Tile,Marble Look,Marble Look - Granite Peak porcelain 12x12,sq_ft,112291.0,4.69,5.19,0.1066,exact,5.19,0.1066,exact,4.8178,0.0272,exact,5.29,0.1279,exact,4.8178,-0.0265,win,floor_and_decor,
G0085,Porcelain Tile,Wood Look Plank,Wood Look Plank - Ashford porcelain 8x48,sq_ft,108030.0,4.29,4.2124,-0.0181,close,5.6174,0.3094,close,5.69,0.3263,equivalent,5.49,0.2797,equivalent,5.49,-0.2186,win,floor_and_decor,competitor_out_of_stock:home_depot
G0086,Porcelain Tile,Wood Look Plank,Wood Look Plank - Quarry porcelain 6x24,sq_ft,114273.0,3.69,3.89,0.0542,exact,3.69,0.0,exact,4.0113,0.0871,exact,4.09,0.1084,exact,3.89,-0.0514,win,floor_and_decor,competitor_out_of_stock:lowes
G0087,Porcelain Tile,Outdoor Paver,Outdoor Paver - Ivory porcelain 24x24,sq_ft,68378.0,2.59,3.4248,0.3223,equivalent,2.89,0.1158,equivalent,3.39,0.3089,equivalent,3.19,0.2317,equivalent,3.19,-0.1881,win,floor_and_decor,competitor_out_of_stock:lowes;competitor_out_of_stock:menards
G0088,Porcelain Tile,Large Format,Large Format - Sundance porcelain 24x48,sq_ft,37732.0,5.59,7.09,0.2683,equivalent,,,none,,,none,7.19,0.2862,equivalent,7.09,-0.2116,win,floor_and_decor,no_competitor_offer:lowes;no_competitor_offer:menards
G0089,Porcelain Tile,Outdoor Paver,Outdoor Paver - Quarry porcelain 6x36,sq_ft,90233.0,1.79,1.99,0.1117,equivalent,2.19,0.2235,equivalent,1.9537,0.0915,equivalent,2.39,0.3352,close,1.9537,-0.0838,win,floor_and_decor,competitor_out_of_stock:lowes;competitor_out_of_stock:tile_shop
G0090,Porcelain Tile,Large Format,Large Format - Tidewater porcelain 24x48,sq_ft,20709.0,2.99,2.7211,-0.0899,equivalent,3.4987,0.1701,equivalent,3.69,0.2341,equivalent,3.79,0.2676,equivalent,2.7211,0.0988,loss,home_depot,promo_driven_gap:home_depot
G0091,Porcelain Tile,Marble Look,Marble Look - Sandstone porcelain 24x24,sq_ft,115842.0,3.89,4.1973,0.079,exact,4.39,0.1285,exact,4.1545,0.068,exact,,,none,4.1545,-0.0637,win,floor_and_decor,competitor_out_of_stock:lowes;no_competitor_offer:tile_shop
G0092,Porcelain Tile,Outdoor Paver,Outdoor Paver - Whitewash porcelain 24x48,sq_ft,53286.0,1.89,2.9192,0.5446,equivalent,2.2487,0.1898,equivalent,2.49,0.3175,equivalent,2.49,0.3175,equivalent,2.2487,-0.1595,win,floor_and_decor,extreme_gap:home_depot
G0093,Porcelain Tile,Concrete Look,Concrete Look - Bayside porcelain 12x24,sq_ft,89429.0,2.09,,,none,2.39,0.1435,equivalent,,,none,2.59,0.2392,equivalent,2.39,-0.1255,win,floor_and_decor,no_competitor_offer:home_depot;no_competitor_offer:menards
G0094,Porcelain Tile,Outdoor Paver,Outdoor Paver - Thornbury porcelain 12x24,sq_ft,100140.0,5.09,5.49,0.0786,exact,5.985,0.1758,exact,4.1928,-0.1763,exact,,,none,4.1928,0.214,loss,menards,no_competitor_offer:tile_shop;promo_driven_gap:menards
G0095,Porcelain Tile,Marble Look,Marble Look - Maplewood porcelain 12x12,sq_ft,115294.0,4.79,5.69,0.1879,equivalent,6.09,0.2714,equivalent,5.1945,0.0844,equivalent,6.09,0.2714,equivalent,5.1945,-0.0779,win,floor_and_decor,
G0096,Porcelain Tile,Large Format,Large Format - Quarry porcelain 12x24,sq_ft,39440.0,5.89,5.59,-0.0509,equivalent,7.995,0.3574,equivalent,6.69,0.1358,equivalent,7.495,0.2725,equivalent,5.59,0.0537,loss,home_depot,promo_driven_gap:home_depot
G0097,Porcelain Tile,Marble Look,Marble Look - Yorkshire porcelain 24x48,sq_ft,30584.0,3.79,4.308,0.1367,equivalent,4.89,0.2902,equivalent,3.89,0.0264,equivalent,,,none,3.89,-0.0257,win,floor_and_decor,no_competitor_offer:tile_shop
G0098,Porcelain Tile,Large Format,Large Format - Windsor porcelain 24x24,sq_ft,30763.0,5.39,6.2162,0.1533,close,6.69,0.2412,equivalent,6.7951,0.2607,equivalent,6.09,0.1299,equivalent,6.09,-0.1149,win,floor_and_decor,
G0099,Porcelain Tile,Marble Look,Marble Look - Maplewood porcelain 12x12,sq_ft,20183.0,3.99,6.0523,0.5169,equivalent,6.39,0.6015,equivalent,5.89,0.4762,equivalent,5.89,0.4762,equivalent,5.89,-0.3226,win,floor_and_decor,extreme_gap:home_depot;extreme_gap:lowes;extreme_gap:menards;extreme_gap:tile_shop
G0100,Porcelain Tile,Large Format,Large Format - Blackwater porcelain 12x12,sq_ft,148412.0,4.39,4.8058,0.0947,exact,4.79,0.0911,exact,4.7225,0.0757,exact,4.89,0.1139,exact,4.7225,-0.0704,win,floor_and_decor,
G0101,Ceramic Tile,Field Tile,Field Tile - Windsor ceramic 4x16,sq_ft,11366.0,2.89,,,none,3.19,0.1038,close,3.19,0.1038,close,3.5779,0.238,close,3.19,-0.094,win,floor_and_decor,competitor_out_of_stock:tile_shop;no_competitor_offer:home_depot
G0102,Ceramic Tile,Subway Tile,Subway Tile - Riverbend ceramic 4x12,sq_ft,127832.0,1.39,1.9391,0.395,close,1.7702,0.2735,close,1.99,0.4317,equivalent,2.3702,0.7052,equivalent,1.7702,-0.2148,win,floor_and_decor,extreme_gap:menards;extreme_gap:tile_shop
G0103,Ceramic Tile,Floor Ceramic,Floor Ceramic - Sterling ceramic 3x6,sq_ft,43525.0,1.79,2.346,0.3106,close,2.0702,0.1565,close,2.19,0.2235,close,2.09,0.1676,close,2.0702,-0.1353,win,floor_and_decor,
G0104,Ceramic Tile,Subway Tile,Subway Tile - Charcoal ceramic 3x6,sq_ft,100579.0,1.89,2.09,0.1058,close,2.32,0.2275,equivalent,1.7036,-0.0986,equivalent,2.59,0.3704,close,1.7036,0.1094,loss,menards,promo_driven_gap:menards
G0105,Ceramic Tile,Subway Tile,Subway Tile - Charcoal ceramic 3x6,sq_ft,147604.0,1.19,1.29,0.084,equivalent,1.52,0.2773,equivalent,1.3217,0.1107,close,,,none,1.29,-0.0775,win,floor_and_decor,competitor_out_of_stock:lowes;no_competitor_offer:tile_shop
G0106,Ceramic Tile,Field Tile,Field Tile - Onyx ceramic 12x12,sq_ft,120062.0,2.79,3.09,0.1075,exact,3.09,0.1075,exact,3.0451,0.0914,exact,3.19,0.1434,exact,3.0451,-0.0838,win,floor_and_decor,
G0107,Ceramic Tile,Field Tile,Field Tile - Bayside ceramic 12x12,sq_ft,54136.0,2.89,3.0293,0.0482,close,3.69,0.2768,equivalent,3.0822,0.0665,equivalent,3.49,0.2076,equivalent,3.0293,-0.046,win,floor_and_decor,
G0108,Ceramic Tile,Floor Ceramic,Floor Ceramic - Juniper ceramic 6x24,sq_ft,83668.0,2.29,2.5622,0.1189,close,2.69,0.1747,equivalent,2.6461,0.1555,close,2.49,0.0873,equivalent,2.49,-0.0803,win,floor_and_decor,
G0109,Ceramic Tile,Floor Ceramic,Floor Ceramic - Fieldstone ceramic 12x12,sq_ft,119389.0,2.09,2.5497,0.22,close,2.39,0.1435,close,2.19,0.0478,close,2.49,0.1914,close,2.19,-0.0457,win,floor_and_decor,
G0110,Ceramic Tile,Field Tile,Field Tile - Quarry ceramic 6x24,sq_ft,69662.0,0.99,1.0735,0.0843,close,1.09,0.101,equivalent,1.0981,0.1092,equivalent,1.39,0.404,equivalent,1.0735,-0.0778,win,floor_and_decor,extreme_gap:tile_shop
G0111,Ceramic Tile,Subway Tile,Subway Tile - Chelsea ceramic 12x12,sq_ft,117796.0,0.79,1.09,0.3797,equivalent,0.8701,0.1014,close,0.99,0.2532,equivalent,,,none,0.8701,-0.0921,win,floor_and_decor,no_competitor_offer:tile_shop
G0112,Ceramic Tile,Field Tile,Field Tile - Coastal Grey ceramic 4x16,sq_ft,149603.0,2.29,2.59,0.131,equivalent,2.89,0.262,close,2.8697,0.2531,close,2.6778,0.1693,close,2.59,-0.1158,win,floor_and_decor,
G0113,Ceramic Tile,Floor Ceramic,Floor Ceramic - Redmond ceramic 12x12,sq_ft,129225.0,1.19,1.29,0.084,exact,1.29,0.084,exact,1.3539,0.1377,exact,0.99,-0.1681,exact,0.99,0.202,loss,tile_shop,promo_driven_gap:tile_shop
G0114,Ceramic Tile,Floor Ceramic,Floor Ceramic - Meridian ceramic 4x12,sq_ft,48988.0,1.49,1.89,0.2685,exact,1.89,0.2685,exact,,,none,1.99,0.3356,exact,1.89,-0.2116,win,floor_and_decor,no_competitor_offer:menards
G0115,Natural Stone Tile,Slate,Slate - Onyx travertine 12x12,sq_ft,5038.0,11.98,13.8215,0.1537,close,15.99,0.3347,equivalent,13.2047,0.1022,equivalent,16.98,0.4174,close,13.2047,-0.0927,win,floor_and_decor,extreme_gap:tile_shop
G0116,Natural Stone Tile,Marble,Marble - Harbor Oak slate 18x18,sq_ft,34722.0,5.69,7.49,0.3163,equivalent,5.7644,0.0131,equivalent,6.8953,0.2118,equivalent,7.39,0.2988,close,5.7644,-0.0129,win,floor_and_decor,
G0117,Natural Stone Tile,Travertine,Travertine - Vintage Elm limestone 18x18,sq_ft,28339.0,8.99,,,none,13.7644,0.5311,equivalent,12.4827,0.3885,equivalent,15.97,0.7764,equivalent,12.4827,-0.2798,win,floor_and_decor,extreme_gap:lowes;extreme_gap:tile_shop;no_competitor_offer:home_depot
G0118,Natural Stone Tile,Marble,Marble - Cambridge quartzite 16x16,sq_ft,14599.0,9.59,11.99,0.2503,exact,10.6817,0.1138,exact,10.97,0.1439,exact,11.97,0.2482,exact,10.6817,-0.1022,win,floor_and_decor,
G0119,Natural Stone Tile,Quartzite,Quartzite - Sundance travertine 6x12,sq_ft,16421.0,6.19,8.09,0.3069,close,8.18,0.3215,equivalent,8.09,0.3069,equivalent,8.19,0.3231,equivalent,8.09,-0.2349,win,floor_and_decor,
G0120,Natural Stone Tile,Slate,Slate - Harbor Oak slate 12x12,sq_ft,22974.0,4.79,5.59,0.167,close,5.79,0.2088,equivalent,6.09,0.2714,equivalent,6.59,0.3758,close,5.59,-0.1431,win,floor_and_decor,
G0121,Natural Stone Tile,Travertine,Travertine - Stonehaven limestone 16x16,sq_ft,35877.0,9.29,,,none,10.99,0.183,equivalent,12.98,0.3972,equivalent,13.99,0.5059,equivalent,10.99,-0.1547,win,floor_and_decor,extreme_gap:tile_shop;no_competitor_offer:home_depot
G0122,Natural Stone Tile,Travertine,Travertine - Dunmore travertine 12x12,sq_ft,14379.0,6.49,7.59,0.1695,equivalent,,,none,7.0378,0.0844,equivalent,8.49,0.3082,equivalent,7.0378,-0.0778,win,floor_and_decor,competitor_out_of_stock:home_depot;no_competitor_offer:lowes
G0123,Natural Stone Tile,Travertine,Travertine - Umber slate 6x12,sq_ft,18612.0,7.89,10.605,0.3441,equivalent,10.38,0.3156,equivalent,7.1356,-0.0956,close,9.58,0.2142,equivalent,7.1356,0.1057,loss,menards,competitor_out_of_stock:lowes;competitor_out_of_stock:tile_shop;promo_driven_gap:menards
G0124,Natural Stone Tile,Travertine,Travertine - Sterling travertine 12x24,sq_ft,38993.0,12.98,17.97,0.3844,equivalent,14.97,0.1533,equivalent,15.2229,0.1728,equivalent,15.98,0.2311,close,14.97,-0.1329,win,floor_and_decor,
G0125,Natural Stone Tile,Limestone,Limestone - Dunmore travertine 12x24,sq_ft,33636.0,5.79,7.0837,0.2234,equivalent,6.49,0.1209,close,7.79,0.3454,close,6.49,0.1209,equivalent,6.49,-0.1079,win,floor_and_decor,
G0126,Natural Stone Tile,Slate,Slate - Thornbury travertine 12x24,sq_ft,33404.0,9.39,10.455,0.1134,close,11.97,0.2748,close,10.99,0.1704,close,12.97,0.3813,equivalent,10.455,-0.1019,win,floor_and_decor,
G0127,Mosaic & Decorative Tile,Decorative Accent,Decorative Accent - Alabaster marble hexagon,sq_ft,2066.0,11.98,15.5938,0.3017,equivalent,13.98,0.1669,equivalent,16.4845,0.376,close,15.98,0.3339,equivalent,13.98,-0.1431,win,floor_and_decor,
G0128,Mosaic & Decorative Tile,Stone Mosaic,Stone Mosaic - Thornbury marble subway,sq_ft,4549.0,20.98,24.98,0.1907,equivalent,27.97,0.3332,equivalent,27.0729,0.2904,close,28.99,0.3818,equivalent,24.98,-0.1601,win,floor_and_decor,
G0129,Mosaic & Decorative Tile,Decorative Accent,Decorative Accent - Oakmont marble picket,sq_ft,3812.0,22.99,24.99,0.087,equivalent,26.97,0.1731,close,21.8646,-0.049,equivalent,30.97,0.3471,equivalent,21.8646,0.0515,loss,menards,competitor_out_of_stock:lowes;promo_driven_gap:menards
G0130,Mosaic & Decorative Tile,Stone Mosaic,Stone Mosaic - Riverbend porcelain subway,sq_ft,5055.0,21.98,27.8041,0.265,equivalent,27.97,0.2725,equivalent,25.97,0.1815,equivalent,24.99,0.1369,equivalent,24.99,-0.1204,win,floor_and_decor,
G0131,Mosaic & Decorative Tile,Decorative Accent,Decorative Accent - Nordic marble hexagon,sq_ft,2762.0,20.97,26.0208,0.2409,weak,26.99,0.2871,equivalent,25.98,0.2389,close,,,none,25.98,-0.1928,win,floor_and_decor,no_competitor_offer:tile_shop;weak_match:home_depot
G0132,Mosaic & Decorative Tile,Porcelain Mosaic,Porcelain Mosaic - Millbrook glass penny round,sq_ft,1927.0,22.98,27.0521,0.1772,equivalent,23.99,0.044,equivalent,27.99,0.218,equivalent,22.9062,-0.0032,close,22.9062,0.0032,tie,floor_and_decor,competitor_out_of_stock:lowes;promo_driven_gap:tile_shop
G0133,Mosaic & Decorative Tile,Glass Mosaic,Glass Mosaic - Espresso glass herringbone,sq_ft,1286.0,12.99,14.98,0.1532,equivalent,13.98,0.0762,equivalent,15.99,0.2309,equivalent,18.7396,0.4426,close,13.98,-0.0708,win,floor_and_decor,extreme_gap:tile_shop
G0134,Mosaic & Decorative Tile,Stone Mosaic,Stone Mosaic - Havana glass and stone penny round,sq_ft,7108.0,11.99,16.4742,0.374,weak,12.99,0.0834,equivalent,13.5104,0.1268,close,16.97,0.4153,equivalent,12.99,-0.077,win,floor_and_decor,competitor_out_of_stock:menards;extreme_gap:tile_shop;weak_match:home_depot
G0135,Mosaic & Decorative Tile,Decorative Accent,Decorative Accent - Hillcrest marble subway,sq_ft,2125.0,21.98,26.97,0.227,equivalent,26.98,0.2275,weak,,,none,,,none,26.97,-0.185,win,floor_and_decor,no_competitor_offer:menards;no_competitor_offer:tile_shop;weak_match:lowes
G0136,Mosaic & Decorative Tile,Decorative Accent,Decorative Accent - Thornbury marble basketweave,sq_ft,4878.0,18.7188,22.6701,0.2111,weak,22.98,0.2276,equivalent,24.97,0.334,equivalent,,,none,22.98,-0.1854,win,floor_and_decor,no_competitor_offer:tile_shop;weak_match:home_depot
G0137,Wall Tile & Backsplash,Glass Wall,Glass Wall - Quarry ceramic 4x16,sq_ft,19290.0,3.59,3.99,0.1114,exact,3.89,0.0836,exact,4.0534,0.1291,exact,3.89,0.0836,exact,3.89,-0.0771,win,floor_and_decor,
G0138,Wall Tile & Backsplash,Porcelain Wall,Porcelain Wall - Umber glass 4x12,sq_ft,12730.0,5.19,6.39,0.2312,weak,5.49,0.0578,close,5.9406,0.1446,close,,,none,5.49,-0.0546,win,floor_and_decor,competitor_out_of_stock:home_depot;no_competitor_offer:tile_shop;weak_match:home_depot
G0139,Wall Tile & Backsplash,Glass Wall,Glass Wall - Slate Creek porcelain 3x6,sq_ft,4907.0,4.39,4.39,0.0,equivalent,4.99,0.1367,equivalent,5.49,0.2506,close,4.39,0.0,close,4.39,0.0,tie,floor_and_decor,competitor_out_of_stock:tile_shop;promo_driven_gap:home_depot
G0140,Wall Tile & Backsplash,Glass Wall,Glass Wall - Barnwood ceramic 4x16,sq_ft,18832.0,5.09,4.9585,-0.0258,equivalent,6.09,0.1965,equivalent,5.39,0.0589,equivalent,5.09,0.0,close,4.9585,0.0265,loss,home_depot,promo_driven_gap:home_depot;promo_driven_gap:tile_shop
G0141,Wall Tile & Backsplash,Glass Wall,Glass Wall - Sundance glass 3x6,sq_ft,2647.0,6.79,7.39,0.0884,equivalent,7.19,0.0589,equivalent,7.3712,0.0856,close,,,none,7.19,-0.0556,win,floor_and_decor,no_competitor_offer:tile_shop
G0142,Wall Tile & Backsplash,Glass Wall,Glass Wall - Westbury porcelain 3x6,sq_ft,4459.0,3.59,4.49,0.2507,close,3.79,0.0557,close,4.09,0.1393,close,,,none,3.79,-0.0528,win,floor_and_decor,no_competitor_offer:tile_shop
G0143,Wall Tile & Backsplash,Glass Wall,Glass Wall - Quarry porcelain 4x16,sq_ft,4030.0,6.29,8.39,0.3339,equivalent,5.89,-0.0636,equivalent,7.19,0.1431,equivalent,8.29,0.318,close,5.89,0.0679,loss,lowes,promo_driven_gap:lowes
G0144,Wall Tile & Backsplash,Glass Wall,Glass Wall - Calacatta porcelain 4x16,sq_ft,16545.0,4.79,5.8733,0.2262,close,5.89,0.2296,weak,4.69,-0.0209,close,,,none,4.69,0.0213,loss,menards,no_competitor_offer:tile_shop;promo_driven_gap:menards;weak_match:lowes
G0145,Carpet & Carpet Tile,Broadloom,Broadloom - Harbor Oak nylon 32,sq_ft,24853.0,2.89,3.1107,0.0764,exact,3.1089,0.0757,exact,2.99,0.0346,exact,,,none,2.99,-0.0334,win,floor_and_decor,no_competitor_offer:tile_shop
G0146,Carpet & Carpet Tile,Broadloom,Broadloom - Oakmont polyester 40,sq_ft,24494.0,2.29,2.49,0.0873,equivalent,2.4422,0.0665,equivalent,2.6662,0.1643,equivalent,,,none,2.49,-0.0803,win,floor_and_decor,competitor_out_of_stock:lowes;no_competitor_offer:tile_shop
G0147,Carpet & Carpet Tile,Broadloom,Broadloom - Calacatta nylon 26,sq_ft,4185.0,1.69,2.19,0.2959,equivalent,1.89,0.1183,equivalent,1.59,-0.0592,equivalent,,,none,1.89,-0.1058,win,floor_and_decor,competitor_out_of_stock:menards;no_competitor_offer:tile_shop
G0148,Carpet & Carpet Tile,Broadloom,Broadloom - Umber nylon 26,sq_ft,9858.0,2.19,2.7296,0.2464,equivalent,2.29,0.0457,equivalent,2.3454,0.071,equivalent,,,none,2.29,-0.0437,win,floor_and_decor,no_competitor_offer:tile_shop
G0149,Carpet & Carpet Tile,Carpet Tile,Carpet Tile - Westbury nylon 20,sq_ft,22702.0,3.29,3.39,0.0304,equivalent,3.29,0.0,close,3.49,0.0608,equivalent,,,none,3.29,0.0,tie,floor_and_decor,no_competitor_offer:tile_shop;promo_driven_gap:lowes
G0150,Carpet & Carpet Tile,Carpet Tile,Carpet Tile - Vintage Elm nylon 26,sq_ft,9545.0,2.69,2.3329,-0.1328,equivalent,2.89,0.0743,equivalent,2.8788,0.0702,equivalent,,,none,2.89,-0.0692,win,floor_and_decor,competitor_out_of_stock:home_depot;competitor_out_of_stock:menards;no_competitor_offer:tile_shop
G0151,Underlayment,Rubber Underlayment,Rubber Underlayment - Oakmont cork 6,sq_ft,42416.0,0.6899,0.6968,0.01,exact,0.7197,0.0432,exact,0.6999,0.0145,exact,,,none,0.6968,-0.0099,win,floor_and_decor,no_competitor_offer:tile_shop
G0152,Underlayment,Felt Underlayment,Felt Underlayment - Riverbend cork 2,sq_ft,24022.0,0.6749,0.7444,0.103,exact,0.79,0.1705,exact,0.6999,0.037,exact,,,none,0.6999,-0.0357,win,floor_and_decor,no_competitor_offer:tile_shop
G0153,Underlayment,Felt Underlayment,Felt Underlayment - Sierra felt 6,sq_ft,45473.0,0.6599,0.6699,0.0152,exact,0.69,0.0456,exact,0.6249,-0.053,exact,,,none,0.6249,0.056,loss,menards,no_competitor_offer:tile_shop
G0154,Underlayment,Foam Underlayment,Foam Underlayment - Zermatt felt 3,sq_ft,70677.0,0.3849,0.4399,0.1429,close,0.49,0.2731,exact,0.373,-0.0309,equivalent,,,none,0.373,0.0319,loss,menards,no_competitor_offer:tile_shop
G0155,Underlayment,Felt Underlayment,Felt Underlayment - Yorkshire rubber 6,sq_ft,78432.0,0.4999,0.4999,0.0,exact,0.4999,0.0,exact,0.5222,0.0446,exact,,,none,0.4999,0.0,tie,floor_and_decor,no_competitor_offer:tile_shop
G0156,Underlayment,Foam Underlayment,Foam Underlayment - Tidewater felt 3,sq_ft,66869.0,0.6097,0.5999,-0.0161,exact,0.69,0.1317,exact,0.6333,0.0387,exact,,,none,0.5999,0.0163,loss,home_depot,competitor_out_of_stock:menards;no_competitor_offer:tile_shop
G0157,Underlayment,Cork Underlayment,Cork Underlayment - Saxony felt 6,sq_ft,53775.0,0.4499,0.4697,0.044,equivalent,0.3849,-0.1445,equivalent,0.427,-0.0509,equivalent,,,none,0.3849,0.1689,loss,lowes,competitor_out_of_stock:menards;no_competitor_offer:tile_shop
G0158,Underlayment,Felt Underlayment,Felt Underlayment - Carrara felt 2,sq_ft,58313.0,0.3798,0.3095,-0.1851,exact,0.3349,-0.1182,exact,0.3571,-0.0598,exact,,,none,0.3095,0.2271,loss,home_depot,no_competitor_offer:tile_shop;promo_driven_gap:home_depot
G0159,Setting Materials,Unmodified Thinset,Unmodified Thinset - Onyx epoxy mortar standard,lb,36746.0,0.3598,0.3798,0.0556,exact,0.2916,-0.1895,exact,0.3356,-0.0673,exact,,,none,0.2916,0.2339,loss,lowes,no_competitor_offer:tile_shop
G0160,Setting Materials,Unmodified Thinset,Unmodified Thinset - Greystone epoxy mortar premium,lb,33242.0,0.4396,0.4396,0.0,exact,0.4198,-0.045,exact,0.3598,-0.1815,exact,0.4594,0.045,exact,0.3598,0.2218,loss,menards,competitor_out_of_stock:tile_shop
G0161,Setting Materials,Modified Thinset,Modified Thinset - Tidewater epoxy mortar standard,lb,12276.0,0.4392,0.4388,-0.0009,exact,0.4394,0.0005,exact,0.4396,0.0009,exact,0.4594,0.046,exact,0.4388,0.0009,tie,floor_and_decor,
G0162,Setting Materials,Modified Thinset,Modified Thinset - Cedar Point large format mortar standard,lb,15613.0,0.5588,0.5592,0.0007,exact,0.5398,-0.034,exact,0.5196,-0.0702,exact,,,none,0.5196,0.0754,loss,menards,competitor_out_of_stock:home_depot;no_competitor_offer:tile_shop
G0163,Setting Materials,Epoxy Mortar,Epoxy Mortar - Havana epoxy mortar standard,lb,8110.0,0.5592,0.5394,-0.0354,weak,0.5592,0.0,exact,0.5592,0.0,equivalent,0.4996,-0.1066,equivalent,0.4996,0.1193,loss,tile_shop,promo_driven_gap:tile_shop;weak_match:home_depot
G0164,Setting Materials,Unmodified Thinset,Unmodified Thinset - Riverbend unmodified thinset standard,lb,6676.0,0.2798,0.2998,0.0715,exact,0.2996,0.0708,exact,0.2756,-0.015,exact,0.2994,0.0701,exact,0.2756,0.0152,loss,menards,competitor_out_of_stock:tile_shop
G0165,Setting Materials,Epoxy Mortar,Epoxy Mortar - Windsor unmodified thinset standard,lb,35500.0,0.4788,0.3796,-0.2072,exact,0.3798,-0.2068,close,0.4396,-0.0819,equivalent,0.5196,0.0852,close,0.3796,0.2613,loss,home_depot,promo_driven_gap:home_depot
G0166,Setting Materials,Epoxy Mortar,Epoxy Mortar - Alabaster modified thinset standard,lb,30822.0,0.6198,0.6394,0.0316,equivalent,0.6598,0.0645,equivalent,0.5798,-0.0645,equivalent,0.7194,0.1607,equivalent,0.5798,0.069,loss,menards,
G0167,Grout & Caulk,Sanded Grout,Sanded Grout - Tidewater unsanded 0.5,lb,30679.0,1.3322,1.2189,-0.085,exact,1.297,-0.0264,exact,1.2792,-0.0398,exact,1.3988,0.05,exact,1.2189,0.093,loss,home_depot,competitor_out_of_stock:menards
G0168,Grout & Caulk,Unsanded Grout,Unsanded Grout - Umber epoxy 0.25,lb,18932.0,1.3322,1.597,0.1988,exact,1.697,0.2738,exact,1.5533,0.166,exact,1.6792,0.2605,exact,1.5533,-0.1423,win,floor_and_decor,competitor_out_of_stock:lowes;promo_driven_gap:menards
G0169,Grout & Caulk,Single Component Grout,Single Component Grout - Charcoal single component 0.5,lb,5469.0,1.2211,1.198,-0.0189,exact,1.1992,-0.0179,exact,1.1588,-0.051,exact,1.297,0.0622,exact,1.1588,0.0538,loss,menards,
G0170,Grout & Caulk,Sanded Grout,Sanded Grout - Linen sanded 0.125,lb,10089.0,0.9992,0.9989,-0.0003,exact,1.097,0.0979,exact,0.959,-0.0402,exact,1.097,0.0979,exact,0.959,0.0419,loss,menards,
G0171,Grout & Caulk,Epoxy Grout,Epoxy Grout - Hillcrest epoxy 0.125,lb,34627.0,1.0656,0.9211,-0.1356,exact,0.869,-0.1845,exact,1.0211,-0.0418,exact,0.939,-0.1188,exact,0.869,0.2262,loss,lowes,promo_driven_gap:home_depot;promo_driven_gap:lowes;promo_driven_gap:menards;promo_driven_gap:tile_shop
G0172,Grout & Caulk,Epoxy Grout,Epoxy Grout - Riverbend single component 0.25,lb,25514.0,1.3196,0.989,-0.2505,exact,,,none,1.3311,0.0087,exact,1.398,0.0594,exact,1.3311,-0.0086,win,floor_and_decor,competitor_out_of_stock:home_depot;no_competitor_offer:lowes
G0173,Grout & Caulk,Sanded Grout,Sanded Grout - Vintage Elm epoxy 0.125,lb,34872.0,1.33,1.4411,0.0835,close,1.198,-0.0992,equivalent,1.33,0.0,equivalent,,,none,1.198,0.1102,loss,lowes,no_competitor_offer:tile_shop
G0174,Grout & Caulk,Single Component Grout,Single Component Grout - Fieldstone sanded 0.125,lb,31626.0,1.3322,1.33,-0.0017,exact,1.2796,-0.0395,exact,1.22,-0.0842,exact,1.299,-0.0249,exact,1.22,0.092,loss,menards,promo_driven_gap:tile_shop
G0175,Trim & Moulding,T-Molding,T-Molding - Westbury quarter round aluminum,lin_ft,26252.0,1.6213,1.7488,0.0786,equivalent,1.69,0.0424,equivalent,1.7488,0.0786,close,,,none,1.69,-0.0407,win,floor_and_decor,no_competitor_offer:tile_shop;promo_driven_gap:lowes
G0176,Trim & Moulding,Stair Nose,Stair Nose - Willow Bend quarter round wood,lin_ft,28228.0,3.9954,3.3815,-0.1537,exact,4.3046,0.0774,exact,,,none,,,none,3.3815,0.1815,loss,home_depot,no_competitor_offer:menards;no_competitor_offer:tile_shop;promo_driven_gap:home_depot
G0177,Trim & Moulding,Threshold,Threshold - Sierra quarter round wood,lin_ft,4737.0,4.7646,4.46,-0.0639,equivalent,4.69,-0.0157,equivalent,5.3815,0.1295,equivalent,,,none,4.46,0.0683,loss,home_depot,competitor_out_of_stock:lowes;no_competitor_offer:tile_shop;promo_driven_gap:home_depot
G0178,Trim & Moulding,Quarter Round,Quarter Round - Hillcrest threshold MDF,lin_ft,17161.0,4.92,5.3831,0.0941,exact,,,none,,,none,,,none,5.3831,-0.086,win,floor_and_decor,no_competitor_offer:lowes;no_competitor_offer:menards;no_competitor_offer:tile_shop
G0179,Trim & Moulding,Reducer,Reducer - Pembroke T-molding vinyl,lin_ft,5654.0,4.9962,5.8627,0.1734,equivalent,5.0738,0.0155,equivalent,4.8712,-0.025,equivalent,,,none,4.8712,0.0257,loss,menards,no_competitor_offer:tile_shop;promo_driven_gap:menards
G0180,Trim & Moulding,Baseboard,Baseboard - Cedar Point T-molding aluminum,lin_ft,19646.0,1.8446,1.864,0.0105,equivalent,1.79,-0.0296,close,1.8431,-0.0008,equivalent,,,none,1.79,0.0305,loss,lowes,no_competitor_offer:tile_shop
G0181,Trim & Moulding,Quarter Round,Quarter Round - Maplewood reducer wood,lin_ft,25521.0,5.2277,6.46,0.2357,exact,5.39,0.031,exact,5.9954,0.1469,exact,,,none,5.39,-0.0301,win,floor_and_decor,no_competitor_offer:tile_shop
G0182,Trim & Moulding,Stair Nose,Stair Nose - Marbella T-molding vinyl,lin_ft,3260.0,5.3293,6.4585,0.2119,equivalent,5.39,0.0114,close,5.8653,0.1006,equivalent,,,none,5.39,-0.0113,win,floor_and_decor,no_competitor_offer:tile_shop
G0183,Trim & Moulding,Baseboard,Baseboard - Granite Peak quarter round MDF,lin_ft,28601.0,2.7677,2.9215,0.0556,exact,3.0723,0.1101,exact,2.92,0.055,exact,,,none,2.92,-0.0522,win,floor_and_decor,competitor_out_of_stock:lowes;no_competitor_offer:tile_shop
G0184,Trim & Moulding,Baseboard,Baseboard - Slate Creek T-molding wood,lin_ft,16519.0,2.1237,1.8738,-0.1177,equivalent,2.29,0.0783,close,2.1307,0.0033,equivalent,,,none,1.8738,0.1334,loss,home_depot,no_competitor_offer:tile_shop;promo_driven_gap:home_depot
G0185,Tile Trim & Edging,Edge Profile,Edge Profile - Riverbend bullnose brushed brass,lin_ft,8453.0,4.7488,5.8738,0.2369,exact,5.6225,0.184,exact,5.6212,0.1837,exact,5.7488,0.2106,exact,5.6212,-0.1552,win,floor_and_decor,promo_driven_gap:menards
G0186,Tile Trim & Edging,Stair Nose Profile,Stair Nose Profile - Maplewood bullnose stainless steel,lin_ft,8868.0,10.3494,9.88,-0.0454,equivalent,10.8212,0.0456,close,10.9376,0.0568,equivalent,11.4106,0.1025,equivalent,9.88,0.0475,loss,home_depot,competitor_out_of_stock:lowes;promo_driven_gap:home_depot
G0187,Tile Trim & Edging,Edge Profile,Edge Profile - Juniper bullnose PVC,lin_ft,7716.0,11.7624,12.9388,0.1,close,11.7624,0.0,equivalent,11.7624,0.0,equivalent,,,none,11.7624,0.0,tie,floor_and_decor,no_competitor_offer:tile_shop
G0188,Tile Trim & Edging,Transition Profile,Transition Profile - Calacatta square edge stainless steel,lin_ft,7478.0,7.1753,7.2906,0.0161,exact,5.6459,-0.2131,exact,7.2906,0.0161,exact,,,none,5.6459,0.2709,loss,lowes,no_competitor_offer:tile_shop
G0189,Tile Trim & Edging,Transition Profile,Transition Profile - Saxony square edge stainless steel,lin_ft,3638.0,5.8712,,,none,6.1212,0.0426,close,5.7475,-0.0211,close,6.7488,0.1495,equivalent,5.7475,0.0215,loss,menards,no_competitor_offer:home_depot
G0190,Tile Trim & Edging,Transition Profile,Transition Profile - Amber Ridge bullnose brushed brass,lin_ft,8438.0,9.2929,,,none,9.1729,-0.0129,exact,,,none,9.8812,0.0633,exact,9.1729,0.0131,loss,lowes,no_competitor_offer:home_depot;no_competitor_offer:menards
G0191,Installation Tools,Hand Tool,Hand Tool - Fieldstone knee pads manual,each,1209.0,164.98,164.98,0.0,exact,124.98,-0.2425,exact,169.98,0.0303,exact,169.98,0.0303,exact,124.98,0.3201,loss,lowes,
G0192,Installation Tools,Snap Cutter,Snap Cutter - Bergamo mixing paddle manual,each,189.0,104.98,,,none,104.98,0.0,exact,,,none,87.98,-0.1619,exact,87.98,0.1932,loss,tile_shop,no_competitor_offer:home_depot;no_competitor_offer:menards;promo_driven_gap:tile_shop
G0193,Installation Tools,Wet Saw,Wet Saw - Havana mixing paddle electric,each,1526.0,164.98,169.98,0.0303,exact,164.98,0.0,exact,164.98,0.0,exact,174.98,0.0606,exact,164.98,0.0,tie,floor_and_decor,
G0194,Installation Tools,Hand Tool,Hand Tool - Copperfield leveling clips electric,each,3378.0,99.98,99.98,0.0,exact,99.98,0.0,exact,99.98,0.0,exact,104.98,0.05,exact,99.98,0.0,tie,floor_and_decor,competitor_out_of_stock:tile_shop
G0195,Installation Tools,Leveling System,Leveling System - Oakmont notched trowel manual,each,2743.0,88.98,68.98,-0.2248,exact,86.97,-0.0226,exact,80.99,-0.0898,exact,89.99,0.0114,exact,68.98,0.2899,loss,home_depot,promo_driven_gap:home_depot
G0196,Installation Tools,Hand Tool,Hand Tool - Willow Bend leveling clips electric,each,2105.0,129.98,129.98,0.0,exact,129.98,0.0,exact,124.98,-0.0385,exact,114.98,-0.1154,exact,114.98,0.1305,loss,tile_shop,promo_driven_gap:tile_shop
G0197,Vanities & Tops,Double Sink Vanity,Double Sink Vanity - Quarry 48 engineered stone top,each,720.0,619.0,739.0,0.1939,exact,719.0,0.1616,exact,689.0,0.1131,exact,,,none,689.0,-0.1016,win,floor_and_decor,no_competitor_offer:tile_shop;promo_driven_gap:home_depot;promo_driven_gap:lowes;promo_driven_gap:menards
G0198,Vanities & Tops,Double Sink Vanity,Double Sink Vanity - Charcoal 30 quartz top,each,457.0,469.0,389.0,-0.1706,close,419.0,-0.1066,equivalent,389.0,-0.1706,equivalent,,,none,389.0,0.2057,loss,home_depot,no_competitor_offer:tile_shop
G0199,Vanities & Tops,Double Sink Vanity,Double Sink Vanity - Sundance 48 quartz top,each,517.0,669.0,649.0,-0.0299,close,619.0,-0.0747,equivalent,649.0,-0.0299,close,,,none,619.0,0.0808,loss,lowes,no_competitor_offer:tile_shop
G0200,Vanities & Tops,Single Sink Vanity,Single Sink Vanity - Amber Ridge 24 engineered stone top,each,856.0,879.0,869.0,-0.0114,weak,799.0,-0.091,close,699.0,-0.2048,close,,,none,799.0,0.1001,loss,lowes,competitor_out_of_stock:menards;no_competitor_offer:tile_shop;weak_match:home_depot
